id_alerta,id_reporte,fuente_demo,indicador,nivel_alerta,descripcion_alerta,score_osint
OSINT-00001,NEXO-147-00001,cruce_interno_demo,horario_nocturno,Media,Alerta ficticia generada por patrón sin_patron_confirmado,57
OSINT-00003,NEXO-147-00003,directorio_telefonico_demo,horario_nocturno,Media,Alerta ficticia generada por patrón monto_bajo_repetitivo,92
OSINT-00004,NEXO-147-00004,directorio_telefonico_demo,ubicacion_concentrada,Media,Alerta ficticia generada por patrón pico_mensajeria_nocturna,90
OSINT-00005,NEXO-147-00005,directorio_telefonico_demo,cuenta_recurrente,Alta,Alerta ficticia generada por patrón pagos_billetera_digital,94
OSINT-00006,NEXO-147-00006,cruce_interno_demo,telefono_recurrente,Alta,Alerta ficticia generada por patrón sin_patron_confirmado,99
OSINT-00007,NEXO-147-00007,cruce_interno_demo,ubicacion_concentrada,Media,Alerta ficticia generada por patrón pico_mensajeria_nocturna,73
OSINT-00008,NEXO-147-00008,cruce_interno_demo,ubicacion_concentrada,Crítica,Alerta ficticia generada por patrón pagos_billetera_digital,100
OSINT-00009,NEXO-147-00009,busqueda_abierta_demo,cuenta_recurrente,Media,Alerta ficticia generada por patrón pico_mensajeria_nocturna,87
OSINT-00012,NEXO-147-00012,directorio_telefonico_demo,cuenta_recurrente,Media,Alerta ficticia generada por patrón pico_mensajeria_nocturna,52
OSINT-00014,NEXO-147-00014,directorio_telefonico_demo,alias_recurrente,Alta,Alerta ficticia generada por patrón amenaza_familiar,89
OSINT-00015,NEXO-147-00015,directorio_telefonico_demo,horario_nocturno,Alta,Alerta ficticia generada por patrón alias_reutilizado,94
OSINT-00016,NEXO-147-00016,red_social_demo,alias_recurrente,Crítica,Alerta ficticia generada por patrón amenaza_familiar,63
OSINT-00017,NEXO-147-00017,cruce_interno_demo,telefono_recurrente,Crítica,Alerta ficticia generada por patrón pico_mensajeria_nocturna,86
OSINT-00018,NEXO-147-00018,busqueda_abierta_demo,alias_recurrente,Alta,Alerta ficticia generada por patrón alias_reutilizado,98
OSINT-00019,NEXO-147-00019,red_social_demo,telefono_recurrente,Alta,Alerta ficticia generada por patrón monto_bajo_repetitivo,100
OSINT-00020,NEXO-147-00020,busqueda_abierta_demo,ubicacion_concentrada,Media,Alerta ficticia generada por patrón pico_mensajeria_nocturna,66
OSINT-00021,NEXO-147-00021,busqueda_abierta_demo,cuenta_recurrente,Crítica,Alerta ficticia generada por patrón pico_mensajeria_nocturna,100
OSINT-00022,NEXO-147-00022,cruce_interno_demo,ubicacion_concentrada,Crítica,Alerta ficticia generada por patrón pagos_billetera_digital,93
OSINT-00024,NEXO-147-00024,red_social_demo,ubicacion_concentrada,Alta,Alerta ficticia generada por patrón monto_bajo_repetitivo,100
OSINT-00025,NEXO-147-00025,busqueda_abierta_demo,cuenta_recurrente,Crítica,Alerta ficticia generada por patrón pico_mensajeria_nocturna,80
OSINT-00026,NEXO-147-00026,busqueda_abierta_demo,cuenta_recurrente,Media,Alerta ficticia generada por patrón pico_mensajeria_nocturna,100
OSINT-00030,NEXO-147-00030,directorio_telefonico_demo,alias_recurrente,Media,Alerta ficticia generada por patrón pico_mensajeria_nocturna,77
OSINT-00031,NEXO-147-00031,red_social_demo,horario_nocturno,Baja,Alerta ficticia generada por patrón pico_mensajeria_nocturna,66
OSINT-00032,NEXO-147-00032,red_social_demo,telefono_recurrente,Alta,Alerta ficticia generada por patrón pagos_billetera_digital,95
OSINT-00033,NEXO-147-00033,red_social_demo,horario_nocturno,Crítica,Alerta ficticia generada por patrón pagos_billetera_digital,79
OSINT-00034,NEXO-147-00034,directorio_telefonico_demo,alias_recurrente,Alta,Alerta ficticia generada por patrón alias_reutilizado,100
OSINT-00035,NEXO-147-00035,busqueda_abierta_demo,cuenta_recurrente,Alta,Alerta ficticia generada por patrón pagos_billetera_digital,100
OSINT-00037,NEXO-147-00037,cruce_interno_demo,ubicacion_concentrada,Crítica,Alerta ficticia generada por patrón llamadas_recurrentes,100
OSINT-00038,NEXO-147-00038,red_social_demo,ubicacion_concentrada,Crítica,Alerta ficticia generada por patrón alias_reutilizado,87
OSINT-00039,NEXO-147-00039,directorio_telefonico_demo,alias_recurrente,Baja,Alerta ficticia generada por patrón zona_terminal_transporte,62
OSINT-00041,NEXO-147-00041,busqueda_abierta_demo,ubicacion_concentrada,Alta,Alerta ficticia generada por patrón pagos_billetera_digital,100
OSINT-00042,NEXO-147-00042,directorio_telefonico_demo,ubicacion_concentrada,Baja,Alerta ficticia generada por patrón pagos_billetera_digital,78
OSINT-00043,NEXO-147-00043,cruce_interno_demo,horario_nocturno,Crítica,Alerta ficticia generada por patrón monto_bajo_repetitivo,100
OSINT-00044,NEXO-147-00044,red_social_demo,telefono_recurrente,Crítica,Alerta ficticia generada por patrón alias_reutilizado,95
OSINT-00045,NEXO-147-00045,busqueda_abierta_demo,cuenta_recurrente,Crítica,Alerta ficticia generada por patrón pico_mensajeria_nocturna,100
OSINT-00046,NEXO-147-00046,red_social_demo,horario_nocturno,Crítica,Alerta ficticia generada por patrón pico_mensajeria_nocturna,100
OSINT-00049,NEXO-147-00049,busqueda_abierta_demo,ubicacion_concentrada,Alta,Alerta ficticia generada por patrón pagos_billetera_digital,78
OSINT-00050,NEXO-147-00050,red_social_demo,cuenta_recurrente,Alta,Alerta ficticia generada por patrón pico_mensajeria_nocturna,74
OSINT-00051,NEXO-147-00051,red_social_demo,alias_recurrente,Media,Alerta ficticia generada por patrón pagos_billetera_digital,62
OSINT-00052,NEXO-147-00052,directorio_telefonico_demo,cuenta_recurrente,Media,Alerta ficticia generada por patrón alias_reutilizado,71
OSINT-00053,NEXO-147-00053,directorio_telefonico_demo,cuenta_recurrente,Media,Alerta ficticia generada por patrón pagos_billetera_digital,93
OSINT-00054,NEXO-147-00054,red_social_demo,cuenta_recurrente,Media,Alerta ficticia generada por patrón amenaza_familiar,100
OSINT-00056,NEXO-147-00056,busqueda_abierta_demo,ubicacion_concentrada,Media,Alerta ficticia generada por patrón zona_terminal_transporte,100
OSINT-00057,NEXO-147-00057,busqueda_abierta_demo,ubicacion_concentrada,Alta,Alerta ficticia generada por patrón alias_reutilizado,96
OSINT-00058,NEXO-147-00058,directorio_telefonico_demo,telefono_recurrente,Crítica,Alerta ficticia generada por patrón alias_reutilizado,96
OSINT-00059,NEXO-147-00059,red_social_demo,ubicacion_concentrada,Media,Alerta ficticia generada por patrón pagos_billetera_digital,96
OSINT-00060,NEXO-147-00060,red_social_demo,alias_recurrente,Alta,Alerta ficticia generada por patrón pagos_billetera_digital,94
OSINT-00061,NEXO-147-00061,busqueda_abierta_demo,horario_nocturno,Crítica,Alerta ficticia generada por patrón amenaza_familiar,74
OSINT-00062,NEXO-147-00062,directorio_telefonico_demo,telefono_recurrente,Media,Alerta ficticia generada por patrón alias_reutilizado,100
OSINT-00063,NEXO-147-00063,red_social_demo,ubicacion_concentrada,Media,Alerta ficticia generada por patrón alias_reutilizado,93
OSINT-00064,NEXO-147-00064,red_social_demo,ubicacion_concentrada,Media,Alerta ficticia generada por patrón pagos_billetera_digital,100
OSINT-00065,NEXO-147-00065,directorio_telefonico_demo,cuenta_recurrente,Media,Alerta ficticia generada por patrón pico_mensajeria_nocturna,100
OSINT-00066,NEXO-147-00066,cruce_interno_demo,horario_nocturno,Alta,Alerta ficticia generada por patrón sin_patron_confirmado,92
OSINT-00068,NEXO-147-00068,directorio_telefonico_demo,cuenta_recurrente,Media,Alerta ficticia generada por patrón pagos_billetera_digital,97
OSINT-00069,NEXO-147-00069,busqueda_abierta_demo,telefono_recurrente,Media,Alerta ficticia generada por patrón sin_patron_confirmado,91
OSINT-00070,NEXO-147-00070,busqueda_abierta_demo,horario_nocturno,Baja,Alerta ficticia generada por patrón pico_mensajeria_nocturna,65
OSINT-00071,NEXO-147-00071,cruce_interno_demo,telefono_recurrente,Alta,Alerta ficticia generada por patrón amenaza_familiar,100
OSINT-00072,NEXO-147-00072,red_social_demo,horario_nocturno,Media,Alerta ficticia generada por patrón amenaza_familiar,97
OSINT-00073,NEXO-147-00073,directorio_telefonico_demo,alias_recurrente,Crítica,Alerta ficticia generada por patrón zona_terminal_transporte,100
OSINT-00074,NEXO-147-00074,busqueda_abierta_demo,alias_recurrente,Baja,Alerta ficticia generada por patrón alias_reutilizado,71
OSINT-00075,NEXO-147-00075,red_social_demo,horario_nocturno,Media,Alerta ficticia generada por patrón llamadas_recurrentes,77
OSINT-00076,NEXO-147-00076,cruce_interno_demo,cuenta_recurrente,Media,Alerta ficticia generada por patrón amenaza_familiar,58
OSINT-00077,NEXO-147-00077,busqueda_abierta_demo,horario_nocturno,Media,Alerta ficticia generada por patrón alias_reutilizado,83
OSINT-00079,NEXO-147-00079,cruce_interno_demo,alias_recurrente,Media,Alerta ficticia generada por patrón pico_mensajeria_nocturna,51
OSINT-00080,NEXO-147-00080,directorio_telefonico_demo,alias_recurrente,Alta,Alerta ficticia generada por patrón pagos_billetera_digital,91
OSINT-00081,NEXO-147-00081,red_social_demo,alias_recurrente,Media,Alerta ficticia generada por patrón sin_patron_confirmado,93
OSINT-00083,NEXO-147-00083,directorio_telefonico_demo,ubicacion_concentrada,Media,Alerta ficticia generada por patrón alias_reutilizado,100
OSINT-00085,NEXO-147-00085,red_social_demo,ubicacion_concentrada,Alta,Alerta ficticia generada por patrón pagos_billetera_digital,92
OSINT-00086,NEXO-147-00086,red_social_demo,ubicacion_concentrada,Crítica,Alerta ficticia generada por patrón alias_reutilizado,100
OSINT-00087,NEXO-147-00087,busqueda_abierta_demo,cuenta_recurrente,Alta,Alerta ficticia generada por patrón alias_reutilizado,100
OSINT-00089,NEXO-147-00089,directorio_telefonico_demo,horario_nocturno,Baja,Alerta ficticia generada por patrón pico_mensajeria_nocturna,72
OSINT-00090,NEXO-147-00090,busqueda_abierta_demo,telefono_recurrente,Media,Alerta ficticia generada por patrón sin_patron_confirmado,55
OSINT-00091,NEXO-147-00091,busqueda_abierta_demo,telefono_recurrente,Media,Alerta ficticia generada por patrón zona_terminal_transporte,96
OSINT-00092,NEXO-147-00092,cruce_interno_demo,telefono_recurrente,Alta,Alerta ficticia generada por patrón pagos_billetera_digital,100
OSINT-00093,NEXO-147-00093,red_social_demo,telefono_recurrente,Media,Alerta ficticia generada por patrón pagos_billetera_digital,66
OSINT-00095,NEXO-147-00095,directorio_telefonico_demo,cuenta_recurrente,Crítica,Alerta ficticia generada por patrón alias_reutilizado,90
OSINT-00096,NEXO-147-00096,directorio_telefonico_demo,ubicacion_concentrada,Crítica,Alerta ficticia generada por patrón zona_terminal_transporte,79
OSINT-00097,NEXO-147-00097,cruce_interno_demo,ubicacion_concentrada,Crítica,Alerta ficticia generada por patrón pico_mensajeria_nocturna,100
OSINT-00100,NEXO-147-00100,cruce_interno_demo,telefono_recurrente,Alta,Alerta ficticia generada por patrón pagos_billetera_digital,90
OSINT-00101,NEXO-147-00101,cruce_interno_demo,telefono_recurrente,Crítica,Alerta ficticia generada por patrón llamadas_recurrentes,93
OSINT-00103,NEXO-147-00103,cruce_interno_demo,horario_nocturno,Crítica,Alerta ficticia generada por patrón llamadas_recurrentes,100
OSINT-00104,NEXO-147-00104,busqueda_abierta_demo,alias_recurrente,Crítica,Alerta ficticia generada por patrón pico_mensajeria_nocturna,100
OSINT-00105,NEXO-147-00105,directorio_telefonico_demo,telefono_recurrente,Crítica,Alerta ficticia generada por patrón monto_bajo_repetitivo,65
OSINT-00106,NEXO-147-00106,directorio_telefonico_demo,cuenta_recurrente,Media,Alerta ficticia generada por patrón pico_mensajeria_nocturna,71
OSINT-00107,NEXO-147-00107,busqueda_abierta_demo,horario_nocturno,Baja,Alerta ficticia generada por patrón pico_mensajeria_nocturna,70
OSINT-00108,NEXO-147-00108,busqueda_abierta_demo,horario_nocturno,Media,Alerta ficticia generada por patrón amenaza_familiar,100
OSINT-00109,NEXO-147-00109,busqueda_abierta_demo,telefono_recurrente,Alta,Alerta ficticia generada por patrón alias_reutilizado,99
OSINT-00110,NEXO-147-00110,busqueda_abierta_demo,telefono_recurrente,Alta,Alerta ficticia generada por patrón alias_reutilizado,87
OSINT-00111,NEXO-147-00111,red_social_demo,telefono_recurrente,Media,Alerta ficticia generada por patrón amenaza_familiar,100
OSINT-00112,NEXO-147-00112,busqueda_abierta_demo,alias_recurrente,Media,Alerta ficticia generada por patrón pagos_billetera_digital,100
OSINT-00113,NEXO-147-00113,cruce_interno_demo,ubicacion_concentrada,Alta,Alerta ficticia generada por patrón llamadas_recurrentes,87
OSINT-00115,NEXO-147-00115,directorio_telefonico_demo,telefono_recurrente,Crítica,Alerta ficticia generada por patrón alias_reutilizado,93
OSINT-00117,NEXO-147-00117,busqueda_abierta_demo,alias_recurrente,Alta,Alerta ficticia generada por patrón pico_mensajeria_nocturna,85
OSINT-00118,NEXO-147-00118,directorio_telefonico_demo,cuenta_recurrente,Media,Alerta ficticia generada por patrón pico_mensajeria_nocturna,92
OSINT-00119,NEXO-147-00119,busqueda_abierta_demo,telefono_recurrente,Media,Alerta ficticia generada por patrón sin_patron_confirmado,81
OSINT-00120,NEXO-147-00120,busqueda_abierta_demo,cuenta_recurrente,Media,Alerta ficticia generada por patrón pico_mensajeria_nocturna,66
OSINT-00121,NEXO-147-00121,red_social_demo,cuenta_recurrente,Crítica,Alerta ficticia generada por patrón pagos_billetera_digital,100
OSINT-00122,NEXO-147-00122,directorio_telefonico_demo,horario_nocturno,Alta,Alerta ficticia generada por patrón llamadas_recurrentes,91
OSINT-00123,NEXO-147-00123,cruce_interno_demo,horario_nocturno,Alta,Alerta ficticia generada por patrón pagos_billetera_digital,100
OSINT-00125,NEXO-147-00125,directorio_telefonico_demo,alias_recurrente,Baja,Alerta ficticia generada por patrón alias_reutilizado,75
OSINT-00127,NEXO-147-00127,directorio_telefonico_demo,cuenta_recurrente,Crítica,Alerta ficticia generada por patrón llamadas_recurrentes,100
OSINT-00128,NEXO-147-00128,busqueda_abierta_demo,horario_nocturno,Alta,Alerta ficticia generada por patrón amenaza_familiar,100
OSINT-00129,NEXO-147-00129,directorio_telefonico_demo,alias_recurrente,Alta,Alerta ficticia generada por patrón amenaza_familiar,97
OSINT-00130,NEXO-147-00130,directorio_telefonico_demo,alias_recurrente,Alta,Alerta ficticia generada por patrón pagos_billetera_digital,87
OSINT-00133,NEXO-147-00133,red_social_demo,ubicacion_concentrada,Media,Alerta ficticia generada por patrón pagos_billetera_digital,100
OSINT-00136,NEXO-147-00136,red_social_demo,alias_recurrente,Media,Alerta ficticia generada por patrón zona_terminal_transporte,87
OSINT-00140,NEXO-147-00140,directorio_telefonico_demo,horario_nocturno,Alta,Alerta ficticia generada por patrón pagos_billetera_digital,86
OSINT-00141,NEXO-147-00141,directorio_telefonico_demo,alias_recurrente,Crítica,Alerta ficticia generada por patrón alias_reutilizado,100
OSINT-00142,NEXO-147-00142,cruce_interno_demo,telefono_recurrente,Media,Alerta ficticia generada por patrón pagos_billetera_digital,65
OSINT-00143,NEXO-147-00143,cruce_interno_demo,telefono_recurrente,Media,Alerta ficticia generada por patrón pico_mensajeria_nocturna,92
OSINT-00144,NEXO-147-00144,red_social_demo,ubicacion_concentrada,Crítica,Alerta ficticia generada por patrón zona_terminal_transporte,100
OSINT-00145,NEXO-147-00145,cruce_interno_demo,telefono_recurrente,Alta,Alerta ficticia generada por patrón pagos_billetera_digital,99
OSINT-00147,NEXO-147-00147,directorio_telefonico_demo,cuenta_recurrente,Crítica,Alerta ficticia generada por patrón pagos_billetera_digital,97
OSINT-00148,NEXO-147-00148,directorio_telefonico_demo,telefono_recurrente,Alta,Alerta ficticia generada por patrón amenaza_familiar,100
OSINT-00149,NEXO-147-00149,busqueda_abierta_demo,cuenta_recurrente,Media,Alerta ficticia generada por patrón pico_mensajeria_nocturna,50
OSINT-00150,NEXO-147-00150,busqueda_abierta_demo,telefono_recurrente,Crítica,Alerta ficticia generada por patrón llamadas_recurrentes,95
OSINT-00151,NEXO-147-00151,red_social_demo,alias_recurrente,Media,Alerta ficticia generada por patrón pico_mensajeria_nocturna,64
OSINT-00152,NEXO-147-00152,busqueda_abierta_demo,telefono_recurrente,Crítica,Alerta ficticia generada por patrón pico_mensajeria_nocturna,93
OSINT-00153,NEXO-147-00153,cruce_interno_demo,ubicacion_concentrada,Media,Alerta ficticia generada por patrón amenaza_familiar,94
OSINT-00154,NEXO-147-00154,cruce_interno_demo,horario_nocturno,Crítica,Alerta ficticia generada por patrón sin_patron_confirmado,100
OSINT-00155,NEXO-147-00155,directorio_telefonico_demo,cuenta_recurrente,Crítica,Alerta ficticia generada por patrón alias_reutilizado,96
OSINT-00156,NEXO-147-00156,red_social_demo,cuenta_recurrente,Crítica,Alerta ficticia generada por patrón monto_bajo_repetitivo,100
OSINT-00157,NEXO-147-00157,cruce_interno_demo,alias_recurrente,Media,Alerta ficticia generada por patrón alias_reutilizado,88
OSINT-00158,NEXO-147-00158,busqueda_abierta_demo,horario_nocturno,Media,Alerta ficticia generada por patrón pagos_billetera_digital,98
OSINT-00160,NEXO-147-00160,red_social_demo,cuenta_recurrente,Media,Alerta ficticia generada por patrón pico_mensajeria_nocturna,99
OSINT-00161,NEXO-147-00161,busqueda_abierta_demo,cuenta_recurrente,Media,Alerta ficticia generada por patrón pagos_billetera_digital,72
OSINT-00162,NEXO-147-00162,red_social_demo,horario_nocturno,Crítica,Alerta ficticia generada por patrón pico_mensajeria_nocturna,83
OSINT-00163,NEXO-147-00163,cruce_interno_demo,horario_nocturno,Media,Alerta ficticia generada por patrón pagos_billetera_digital,100
OSINT-00164,NEXO-147-00164,directorio_telefonico_demo,horario_nocturno,Media,Alerta ficticia generada por patrón pico_mensajeria_nocturna,100
OSINT-00165,NEXO-147-00165,cruce_interno_demo,cuenta_recurrente,Alta,Alerta ficticia generada por patrón alias_reutilizado,98
OSINT-00166,NEXO-147-00166,directorio_telefonico_demo,ubicacion_concentrada,Media,Alerta ficticia generada por patrón alias_reutilizado,94
OSINT-00167,NEXO-147-00167,busqueda_abierta_demo,cuenta_recurrente,Baja,Alerta ficticia generada por patrón llamadas_recurrentes,61
OSINT-00169,NEXO-147-00169,busqueda_abierta_demo,alias_recurrente,Media,Alerta ficticia generada por patrón pagos_billetera_digital,86
OSINT-00171,NEXO-147-00171,red_social_demo,telefono_recurrente,Crítica,Alerta ficticia generada por patrón pico_mensajeria_nocturna,83
OSINT-00172,NEXO-147-00172,directorio_telefonico_demo,horario_nocturno,Alta,Alerta ficticia generada por patrón llamadas_recurrentes,100
OSINT-00173,NEXO-147-00173,directorio_telefonico_demo,telefono_recurrente,Media,Alerta ficticia generada por patrón pico_mensajeria_nocturna,78
OSINT-00175,NEXO-147-00175,directorio_telefonico_demo,horario_nocturno,Alta,Alerta ficticia generada por patrón pico_mensajeria_nocturna,100
OSINT-00176,NEXO-147-00176,directorio_telefonico_demo,ubicacion_concentrada,Crítica,Alerta ficticia generada por patrón pagos_billetera_digital,100
OSINT-00177,NEXO-147-00177,directorio_telefonico_demo,cuenta_recurrente,Media,Alerta ficticia generada por patrón llamadas_recurrentes,100
OSINT-00178,NEXO-147-00178,directorio_telefonico_demo,telefono_recurrente,Media,Alerta ficticia generada por patrón pico_mensajeria_nocturna,88
OSINT-00179,NEXO-147-00179,cruce_interno_demo,telefono_recurrente,Crítica,Alerta ficticia generada por patrón alias_reutilizado,100
OSINT-00182,NEXO-147-00182,directorio_telefonico_demo,telefono_recurrente,Alta,Alerta ficticia generada por patrón pico_mensajeria_nocturna,95
OSINT-00183,NEXO-147-00183,directorio_telefonico_demo,cuenta_recurrente,Baja,Alerta ficticia generada por patrón alias_reutilizado,74
OSINT-00184,NEXO-147-00184,cruce_interno_demo,telefono_recurrente,Alta,Alerta ficticia generada por patrón alias_reutilizado,91
OSINT-00185,NEXO-147-00185,directorio_telefonico_demo,alias_recurrente,Crítica,Alerta ficticia generada por patrón monto_bajo_repetitivo,83
OSINT-00186,NEXO-147-00186,busqueda_abierta_demo,horario_nocturno,Media,Alerta ficticia generada por patrón alias_reutilizado,100
OSINT-00187,NEXO-147-00187,directorio_telefonico_demo,horario_nocturno,Media,Alerta ficticia generada por patrón pico_mensajeria_nocturna,59
OSINT-00188,NEXO-147-00188,red_social_demo,ubicacion_concentrada,Media,Alerta ficticia generada por patrón pagos_billetera_digital,68
OSINT-00190,NEXO-147-00190,red_social_demo,telefono_recurrente,Alta,Alerta ficticia generada por patrón sin_patron_confirmado,82
OSINT-00193,NEXO-147-00193,busqueda_abierta_demo,cuenta_recurrente,Crítica,Alerta ficticia generada por patrón pico_mensajeria_nocturna,100
OSINT-00196,NEXO-147-00196,directorio_telefonico_demo,ubicacion_concentrada,Crítica,Alerta ficticia generada por patrón alias_reutilizado,84
OSINT-00197,NEXO-147-00197,busqueda_abierta_demo,horario_nocturno,Media,Alerta ficticia generada por patrón pico_mensajeria_nocturna,57
OSINT-00199,NEXO-147-00199,red_social_demo,horario_nocturno,Media,Alerta ficticia generada por patrón alias_reutilizado,92
OSINT-00200,NEXO-147-00200,cruce_interno_demo,telefono_recurrente,Alta,Alerta ficticia generada por patrón pagos_billetera_digital,83
OSINT-00201,NEXO-147-00201,cruce_interno_demo,telefono_recurrente,Media,Alerta ficticia generada por patrón alias_reutilizado,75
OSINT-00203,NEXO-147-00203,directorio_telefonico_demo,cuenta_recurrente,Crítica,Alerta ficticia generada por patrón alias_reutilizado,100
OSINT-00204,NEXO-147-00204,busqueda_abierta_demo,horario_nocturno,Alta,Alerta ficticia generada por patrón monto_bajo_repetitivo,91
OSINT-00205,NEXO-147-00205,red_social_demo,telefono_recurrente,Crítica,Alerta ficticia generada por patrón alias_reutilizado,94
OSINT-00207,NEXO-147-00207,busqueda_abierta_demo,cuenta_recurrente,Crítica,Alerta ficticia generada por patrón llamadas_recurrentes,92
OSINT-00208,NEXO-147-00208,busqueda_abierta_demo,alias_recurrente,Crítica,Alerta ficticia generada por patrón pagos_billetera_digital,95
OSINT-00209,NEXO-147-00209,red_social_demo,telefono_recurrente,Crítica,Alerta ficticia generada por patrón alias_reutilizado,100
OSINT-00210,NEXO-147-00210,red_social_demo,alias_recurrente,Alta,Alerta ficticia generada por patrón pagos_billetera_digital,100
OSINT-00211,NEXO-147-00211,directorio_telefonico_demo,telefono_recurrente,Media,Alerta ficticia generada por patrón zona_terminal_transporte,42
OSINT-00212,NEXO-147-00212,busqueda_abierta_demo,telefono_recurrente,Crítica,Alerta ficticia generada por patrón alias_reutilizado,100
OSINT-00213,NEXO-147-00213,red_social_demo,telefono_recurrente,Alta,Alerta ficticia generada por patrón pagos_billetera_digital,91
OSINT-00214,NEXO-147-00214,directorio_telefonico_demo,telefono_recurrente,Crítica,Alerta ficticia generada por patrón pagos_billetera_digital,97
OSINT-00215,NEXO-147-00215,busqueda_abierta_demo,horario_nocturno,Baja,Alerta ficticia generada por patrón pico_mensajeria_nocturna,46
OSINT-00216,NEXO-147-00216,red_social_demo,horario_nocturno,Alta,Alerta ficticia generada por patrón pico_mensajeria_nocturna,92
OSINT-00217,NEXO-147-00217,directorio_telefonico_demo,horario_nocturno,Alta,Alerta ficticia generada por patrón monto_bajo_repetitivo,89
OSINT-00218,NEXO-147-00218,directorio_telefonico_demo,cuenta_recurrente,Media,Alerta ficticia generada por patrón pico_mensajeria_nocturna,92
OSINT-00219,NEXO-147-00219,directorio_telefonico_demo,telefono_recurrente,Media,Alerta ficticia generada por patrón monto_bajo_repetitivo,93
OSINT-00220,NEXO-147-00220,directorio_telefonico_demo,horario_nocturno,Media,Alerta ficticia generada por patrón pico_mensajeria_nocturna,99
OSINT-00221,NEXO-147-00221,directorio_telefonico_demo,telefono_recurrente,Media,Alerta ficticia generada por patrón zona_terminal_transporte,50
OSINT-00222,NEXO-147-00222,directorio_telefonico_demo,alias_recurrente,Alta,Alerta ficticia generada por patrón alias_reutilizado,83
OSINT-00223,NEXO-147-00223,cruce_interno_demo,cuenta_recurrente,Media,Alerta ficticia generada por patrón llamadas_recurrentes,95
OSINT-00224,NEXO-147-00224,directorio_telefonico_demo,alias_recurrente,Baja,Alerta ficticia generada por patrón monto_bajo_repetitivo,60
OSINT-00225,NEXO-147-00225,busqueda_abierta_demo,cuenta_recurrente,Baja,Alerta ficticia generada por patrón alias_reutilizado,57
OSINT-00226,NEXO-147-00226,busqueda_abierta_demo,horario_nocturno,Alta,Alerta ficticia generada por patrón monto_bajo_repetitivo,69
OSINT-00227,NEXO-147-00227,busqueda_abierta_demo,telefono_recurrente,Crítica,Alerta ficticia generada por patrón pagos_billetera_digital,93
OSINT-00228,NEXO-147-00228,red_social_demo,horario_nocturno,Crítica,Alerta ficticia generada por patrón llamadas_recurrentes,69
OSINT-00229,NEXO-147-00229,directorio_telefonico_demo,telefono_recurrente,Crítica,Alerta ficticia generada por patrón pico_mensajeria_nocturna,99
OSINT-00230,NEXO-147-00230,directorio_telefonico_demo,alias_recurrente,Alta,Alerta ficticia generada por patrón pico_mensajeria_nocturna,92
OSINT-00232,NEXO-147-00232,directorio_telefonico_demo,alias_recurrente,Media,Alerta ficticia generada por patrón pagos_billetera_digital,100
OSINT-00234,NEXO-147-00234,directorio_telefonico_demo,horario_nocturno,Media,Alerta ficticia generada por patrón pico_mensajeria_nocturna,100
OSINT-00235,NEXO-147-00235,busqueda_abierta_demo,telefono_recurrente,Media,Alerta ficticia generada por patrón pico_mensajeria_nocturna,68
OSINT-00238,NEXO-147-00238,busqueda_abierta_demo,alias_recurrente,Alta,Alerta ficticia generada por patrón llamadas_recurrentes,100
OSINT-00241,NEXO-147-00241,busqueda_abierta_demo,alias_recurrente,Alta,Alerta ficticia generada por patrón pico_mensajeria_nocturna,95
OSINT-00242,NEXO-147-00242,red_social_demo,telefono_recurrente,Crítica,Alerta ficticia generada por patrón zona_terminal_transporte,100
OSINT-00243,NEXO-147-00243,busqueda_abierta_demo,telefono_recurrente,Media,Alerta ficticia generada por patrón pico_mensajeria_nocturna,100
OSINT-00244,NEXO-147-00244,cruce_interno_demo,horario_nocturno,Media,Alerta ficticia generada por patrón zona_terminal_transporte,100
OSINT-00245,NEXO-147-00245,busqueda_abierta_demo,alias_recurrente,Media,Alerta ficticia generada por patrón monto_bajo_repetitivo,82
OSINT-00247,NEXO-147-00247,busqueda_abierta_demo,alias_recurrente,Media,Alerta ficticia generada por patrón alias_reutilizado,65
OSINT-00248,NEXO-147-00248,busqueda_abierta_demo,telefono_recurrente,Media,Alerta ficticia generada por patrón pico_mensajeria_nocturna,73
OSINT-00249,NEXO-147-00249,busqueda_abierta_demo,ubicacion_concentrada,Crítica,Alerta ficticia generada por patrón alias_reutilizado,100
OSINT-00250,NEXO-147-00250,cruce_interno_demo,telefono_recurrente,Media,Alerta ficticia generada por patrón pagos_billetera_digital,91
OSINT-00252,NEXO-147-00252,busqueda_abierta_demo,cuenta_recurrente,Media,Alerta ficticia generada por patrón alias_reutilizado,100
OSINT-00253,NEXO-147-00253,busqueda_abierta_demo,ubicacion_concentrada,Media,Alerta ficticia generada por patrón alias_reutilizado,100
OSINT-00255,NEXO-147-00255,busqueda_abierta_demo,telefono_recurrente,Crítica,Alerta ficticia generada por patrón pico_mensajeria_nocturna,96
OSINT-00256,NEXO-147-00256,directorio_telefonico_demo,alias_recurrente,Crítica,Alerta ficticia generada por patrón pico_mensajeria_nocturna,100
OSINT-00257,NEXO-147-00257,directorio_telefonico_demo,alias_recurrente,Media,Alerta ficticia generada por patrón pagos_billetera_digital,80
OSINT-00258,NEXO-147-00258,busqueda_abierta_demo,horario_nocturno,Crítica,Alerta ficticia generada por patrón alias_reutilizado,100
OSINT-00259,NEXO-147-00259,red_social_demo,cuenta_recurrente,Media,Alerta ficticia generada por patrón sin_patron_confirmado,33
OSINT-00260,NEXO-147-00260,cruce_interno_demo,ubicacion_concentrada,Alta,Alerta ficticia generada por patrón pagos_billetera_digital,100
OSINT-00262,NEXO-147-00262,directorio_telefonico_demo,ubicacion_concentrada,Media,Alerta ficticia generada por patrón alias_reutilizado,100
OSINT-00263,NEXO-147-00263,red_social_demo,cuenta_recurrente,Media,Alerta ficticia generada por patrón monto_bajo_repetitivo,71
OSINT-00264,NEXO-147-00264,busqueda_abierta_demo,ubicacion_concentrada,Media,Alerta ficticia generada por patrón sin_patron_confirmado,80
OSINT-00265,NEXO-147-00265,busqueda_abierta_demo,telefono_recurrente,Alta,Alerta ficticia generada por patrón pagos_billetera_digital,100
OSINT-00266,NEXO-147-00266,directorio_telefonico_demo,telefono_recurrente,Alta,Alerta ficticia generada por patrón pico_mensajeria_nocturna,100
OSINT-00267,NEXO-147-00267,red_social_demo,ubicacion_concentrada,Baja,Alerta ficticia generada por patrón llamadas_recurrentes,63
OSINT-00268,NEXO-147-00268,directorio_telefonico_demo,cuenta_recurrente,Alta,Alerta ficticia generada por patrón sin_patron_confirmado,91
OSINT-00269,NEXO-147-00269,directorio_telefonico_demo,alias_recurrente,Media,Alerta ficticia generada por patrón pagos_billetera_digital,89
OSINT-00270,NEXO-147-00270,directorio_telefonico_demo,ubicacion_concentrada,Crítica,Alerta ficticia generada por patrón zona_terminal_transporte,100
OSINT-00271,NEXO-147-00271,cruce_interno_demo,cuenta_recurrente,Media,Alerta ficticia generada por patrón alias_reutilizado,100
OSINT-00272,NEXO-147-00272,directorio_telefonico_demo,horario_nocturno,Media,Alerta ficticia generada por patrón pico_mensajeria_nocturna,96
OSINT-00273,NEXO-147-00273,red_social_demo,telefono_recurrente,Media,Alerta ficticia generada por patrón pico_mensajeria_nocturna,96
OSINT-00274,NEXO-147-00274,busqueda_abierta_demo,horario_nocturno,Media,Alerta ficticia generada por patrón pico_mensajeria_nocturna,70
OSINT-00275,NEXO-147-00275,directorio_telefonico_demo,alias_recurrente,Alta,Alerta ficticia generada por patrón alias_reutilizado,82
OSINT-00276,NEXO-147-00276,directorio_telefonico_demo,horario_nocturno,Baja,Alerta ficticia generada por patrón amenaza_familiar,74
OSINT-00278,NEXO-147-00278,red_social_demo,cuenta_recurrente,Media,Alerta ficticia generada por patrón llamadas_recurrentes,75
OSINT-00279,NEXO-147-00279,cruce_interno_demo,cuenta_recurrente,Media,Alerta ficticia generada por patrón zona_terminal_transporte,98
OSINT-00280,NEXO-147-00280,busqueda_abierta_demo,horario_nocturno,Media,Alerta ficticia generada por patrón pagos_billetera_digital,69
OSINT-00281,NEXO-147-00281,red_social_demo,alias_recurrente,Media,Alerta ficticia generada por patrón alias_reutilizado,100
OSINT-00282,NEXO-147-00282,red_social_demo,alias_recurrente,Alta,Alerta ficticia generada por patrón llamadas_recurrentes,88
OSINT-00283,NEXO-147-00283,red_social_demo,ubicacion_concentrada,Alta,Alerta ficticia generada por patrón pico_mensajeria_nocturna,99
OSINT-00284,NEXO-147-00284,red_social_demo,horario_nocturno,Crítica,Alerta ficticia generada por patrón sin_patron_confirmado,100
OSINT-00285,NEXO-147-00285,cruce_interno_demo,horario_nocturno,Media,Alerta ficticia generada por patrón monto_bajo_repetitivo,100
OSINT-00286,NEXO-147-00286,directorio_telefonico_demo,alias_recurrente,Media,Alerta ficticia generada por patrón llamadas_recurrentes,91
OSINT-00287,NEXO-147-00287,busqueda_abierta_demo,horario_nocturno,Crítica,Alerta ficticia generada por patrón pico_mensajeria_nocturna,82
OSINT-00288,NEXO-147-00288,busqueda_abierta_demo,cuenta_recurrente,Media,Alerta ficticia generada por patrón pagos_billetera_digital,99
OSINT-00289,NEXO-147-00289,busqueda_abierta_demo,telefono_recurrente,Alta,Alerta ficticia generada por patrón amenaza_familiar,85
OSINT-00290,NEXO-147-00290,directorio_telefonico_demo,horario_nocturno,Media,Alerta ficticia generada por patrón pagos_billetera_digital,91
OSINT-00292,NEXO-147-00292,cruce_interno_demo,horario_nocturno,Alta,Alerta ficticia generada por patrón monto_bajo_repetitivo,100
OSINT-00293,NEXO-147-00293,busqueda_abierta_demo,alias_recurrente,Alta,Alerta ficticia generada por patrón alias_reutilizado,99
OSINT-00294,NEXO-147-00294,directorio_telefonico_demo,cuenta_recurrente,Crítica,Alerta ficticia generada por patrón alias_reutilizado,97
OSINT-00296,NEXO-147-00296,cruce_interno_demo,alias_recurrente,Crítica,Alerta ficticia generada por patrón pico_mensajeria_nocturna,93
OSINT-00298,NEXO-147-00298,directorio_telefonico_demo,alias_recurrente,Alta,Alerta ficticia generada por patrón pagos_billetera_digital,94
OSINT-00300,NEXO-147-00300,directorio_telefonico_demo,telefono_recurrente,Alta,Alerta ficticia generada por patrón pagos_billetera_digital,70
OSINT-00301,NEXO-147-00301,directorio_telefonico_demo,telefono_recurrente,Alta,Alerta ficticia generada por patrón pagos_billetera_digital,92
OSINT-00302,NEXO-147-00302,directorio_telefonico_demo,telefono_recurrente,Media,Alerta ficticia generada por patrón sin_patron_confirmado,65
OSINT-00303,NEXO-147-00303,cruce_interno_demo,cuenta_recurrente,Media,Alerta ficticia generada por patrón pagos_billetera_digital,52
OSINT-00304,NEXO-147-00304,directorio_telefonico_demo,alias_recurrente,Alta,Alerta ficticia generada por patrón pagos_billetera_digital,99
OSINT-00305,NEXO-147-00305,cruce_interno_demo,horario_nocturno,Crítica,Alerta ficticia generada por patrón alias_reutilizado,100
OSINT-00306,NEXO-147-00306,directorio_telefonico_demo,telefono_recurrente,Baja,Alerta ficticia generada por patrón llamadas_recurrentes,65
OSINT-00307,NEXO-147-00307,busqueda_abierta_demo,horario_nocturno,Crítica,Alerta ficticia generada por patrón alias_reutilizado,89
OSINT-00309,NEXO-147-00309,directorio_telefonico_demo,cuenta_recurrente,Crítica,Alerta ficticia generada por patrón zona_terminal_transporte,90
OSINT-00310,NEXO-147-00310,directorio_telefonico_demo,alias_recurrente,Media,Alerta ficticia generada por patrón sin_patron_confirmado,91
OSINT-00312,NEXO-147-00312,busqueda_abierta_demo,cuenta_recurrente,Media,Alerta ficticia generada por patrón alias_reutilizado,73
OSINT-00314,NEXO-147-00314,cruce_interno_demo,ubicacion_concentrada,Media,Alerta ficticia generada por patrón pagos_billetera_digital,95
OSINT-00315,NEXO-147-00315,red_social_demo,alias_recurrente,Baja,Alerta ficticia generada por patrón alias_reutilizado,68
OSINT-00316,NEXO-147-00316,directorio_telefonico_demo,horario_nocturno,Crítica,Alerta ficticia generada por patrón pico_mensajeria_nocturna,74
OSINT-00317,NEXO-147-00317,directorio_telefonico_demo,horario_nocturno,Alta,Alerta ficticia generada por patrón alias_reutilizado,91
OSINT-00320,NEXO-147-00320,directorio_telefonico_demo,telefono_recurrente,Crítica,Alerta ficticia generada por patrón sin_patron_confirmado,90
OSINT-00321,NEXO-147-00321,busqueda_abierta_demo,horario_nocturno,Baja,Alerta ficticia generada por patrón llamadas_recurrentes,32
OSINT-00322,NEXO-147-00322,cruce_interno_demo,cuenta_recurrente,Alta,Alerta ficticia generada por patrón pagos_billetera_digital,80
OSINT-00323,NEXO-147-00323,busqueda_abierta_demo,ubicacion_concentrada,Media,Alerta ficticia generada por patrón zona_terminal_transporte,56
OSINT-00324,NEXO-147-00324,directorio_telefonico_demo,telefono_recurrente,Crítica,Alerta ficticia generada por patrón alias_reutilizado,100
OSINT-00325,NEXO-147-00325,cruce_interno_demo,telefono_recurrente,Media,Alerta ficticia generada por patrón pagos_billetera_digital,76
OSINT-00326,NEXO-147-00326,directorio_telefonico_demo,alias_recurrente,Alta,Alerta ficticia generada por patrón pagos_billetera_digital,87
OSINT-00327,NEXO-147-00327,red_social_demo,alias_recurrente,Media,Alerta ficticia generada por patrón alias_reutilizado,100
OSINT-00328,NEXO-147-00328,red_social_demo,cuenta_recurrente,Alta,Alerta ficticia generada por patrón pico_mensajeria_nocturna,79
OSINT-00330,NEXO-147-00330,cruce_interno_demo,cuenta_recurrente,Alta,Alerta ficticia generada por patrón pagos_billetera_digital,72
OSINT-00331,NEXO-147-00331,busqueda_abierta_demo,horario_nocturno,Alta,Alerta ficticia generada por patrón pico_mensajeria_nocturna,65
OSINT-00332,NEXO-147-00332,cruce_interno_demo,horario_nocturno,Alta,Alerta ficticia generada por patrón monto_bajo_repetitivo,96
OSINT-00334,NEXO-147-00334,cruce_interno_demo,ubicacion_concentrada,Crítica,Alerta ficticia generada por patrón alias_reutilizado,82
OSINT-00335,NEXO-147-00335,cruce_interno_demo,horario_nocturno,Crítica,Alerta ficticia generada por patrón monto_bajo_repetitivo,100
OSINT-00336,NEXO-147-00336,directorio_telefonico_demo,cuenta_recurrente,Crítica,Alerta ficticia generada por patrón alias_reutilizado,73
OSINT-00338,NEXO-147-00338,busqueda_abierta_demo,horario_nocturno,Crítica,Alerta ficticia generada por patrón pico_mensajeria_nocturna,83
OSINT-00339,NEXO-147-00339,cruce_interno_demo,alias_recurrente,Media,Alerta ficticia generada por patrón amenaza_familiar,91
OSINT-00340,NEXO-147-00340,busqueda_abierta_demo,ubicacion_concentrada,Media,Alerta ficticia generada por patrón alias_reutilizado,100
OSINT-00341,NEXO-147-00341,red_social_demo,ubicacion_concentrada,Alta,Alerta ficticia generada por patrón pico_mensajeria_nocturna,78
OSINT-00343,NEXO-147-00343,busqueda_abierta_demo,alias_recurrente,Crítica,Alerta ficticia generada por patrón alias_reutilizado,84
OSINT-00344,NEXO-147-00344,busqueda_abierta_demo,telefono_recurrente,Alta,Alerta ficticia generada por patrón pagos_billetera_digital,100
OSINT-00345,NEXO-147-00345,cruce_interno_demo,horario_nocturno,Crítica,Alerta ficticia generada por patrón alias_reutilizado,88
OSINT-00346,NEXO-147-00346,cruce_interno_demo,horario_nocturno,Alta,Alerta ficticia generada por patrón pico_mensajeria_nocturna,93
OSINT-00347,NEXO-147-00347,red_social_demo,horario_nocturno,Media,Alerta ficticia generada por patrón pico_mensajeria_nocturna,50
OSINT-00348,NEXO-147-00348,cruce_interno_demo,cuenta_recurrente,Alta,Alerta ficticia generada por patrón zona_terminal_transporte,79
OSINT-00350,NEXO-147-00350,cruce_interno_demo,ubicacion_concentrada,Alta,Alerta ficticia generada por patrón alias_reutilizado,100
OSINT-00351,NEXO-147-00351,directorio_telefonico_demo,cuenta_recurrente,Media,Alerta ficticia generada por patrón sin_patron_confirmado,100
OSINT-00352,NEXO-147-00352,busqueda_abierta_demo,telefono_recurrente,Alta,Alerta ficticia generada por patrón alias_reutilizado,96
OSINT-00354,NEXO-147-00354,red_social_demo,ubicacion_concentrada,Media,Alerta ficticia generada por patrón pico_mensajeria_nocturna,93
OSINT-00355,NEXO-147-00355,directorio_telefonico_demo,ubicacion_concentrada,Media,Alerta ficticia generada por patrón monto_bajo_repetitivo,90
OSINT-00356,NEXO-147-00356,red_social_demo,telefono_recurrente,Media,Alerta ficticia generada por patrón pico_mensajeria_nocturna,90
OSINT-00358,NEXO-147-00358,busqueda_abierta_demo,horario_nocturno,Alta,Alerta ficticia generada por patrón alias_reutilizado,96
OSINT-00359,NEXO-147-00359,red_social_demo,horario_nocturno,Baja,Alerta ficticia generada por patrón pico_mensajeria_nocturna,59
OSINT-00360,NEXO-147-00360,cruce_interno_demo,telefono_recurrente,Alta,Alerta ficticia generada por patrón pagos_billetera_digital,100
OSINT-00362,NEXO-147-00362,busqueda_abierta_demo,horario_nocturno,Baja,Alerta ficticia generada por patrón sin_patron_confirmado,45
OSINT-00363,NEXO-147-00363,cruce_interno_demo,alias_recurrente,Media,Alerta ficticia generada por patrón alias_reutilizado,65
OSINT-00364,NEXO-147-00364,cruce_interno_demo,telefono_recurrente,Alta,Alerta ficticia generada por patrón pagos_billetera_digital,97
OSINT-00365,NEXO-147-00365,busqueda_abierta_demo,horario_nocturno,Crítica,Alerta ficticia generada por patrón monto_bajo_repetitivo,76
OSINT-00367,NEXO-147-00367,red_social_demo,telefono_recurrente,Media,Alerta ficticia generada por patrón pico_mensajeria_nocturna,100
OSINT-00368,NEXO-147-00368,red_social_demo,horario_nocturno,Media,Alerta ficticia generada por patrón alias_reutilizado,91
OSINT-00369,NEXO-147-00369,directorio_telefonico_demo,horario_nocturno,Media,Alerta ficticia generada por patrón pico_mensajeria_nocturna,92
OSINT-00370,NEXO-147-00370,red_social_demo,alias_recurrente,Alta,Alerta ficticia generada por patrón amenaza_familiar,89
OSINT-00372,NEXO-147-00372,red_social_demo,horario_nocturno,Media,Alerta ficticia generada por patrón alias_reutilizado,100
OSINT-00373,NEXO-147-00373,cruce_interno_demo,horario_nocturno,Media,Alerta ficticia generada por patrón alias_reutilizado,100
OSINT-00375,NEXO-147-00375,red_social_demo,horario_nocturno,Crítica,Alerta ficticia generada por patrón pico_mensajeria_nocturna,90
OSINT-00376,NEXO-147-00376,directorio_telefonico_demo,telefono_recurrente,Alta,Alerta ficticia generada por patrón alias_reutilizado,92
OSINT-00377,NEXO-147-00377,cruce_interno_demo,alias_recurrente,Baja,Alerta ficticia generada por patrón sin_patron_confirmado,52
OSINT-00378,NEXO-147-00378,busqueda_abierta_demo,cuenta_recurrente,Media,Alerta ficticia generada por patrón alias_reutilizado,53
OSINT-00379,NEXO-147-00379,cruce_interno_demo,ubicacion_concentrada,Crítica,Alerta ficticia generada por patrón pagos_billetera_digital,100
OSINT-00380,NEXO-147-00380,red_social_demo,ubicacion_concentrada,Crítica,Alerta ficticia generada por patrón alias_reutilizado,97
OSINT-00381,NEXO-147-00381,red_social_demo,telefono_recurrente,Crítica,Alerta ficticia generada por patrón alias_reutilizado,71
OSINT-00382,NEXO-147-00382,cruce_interno_demo,telefono_recurrente,Media,Alerta ficticia generada por patrón llamadas_recurrentes,95
OSINT-00384,NEXO-147-00384,cruce_interno_demo,cuenta_recurrente,Alta,Alerta ficticia generada por patrón pico_mensajeria_nocturna,90
OSINT-00386,NEXO-147-00386,cruce_interno_demo,ubicacion_concentrada,Alta,Alerta ficticia generada por patrón alias_reutilizado,97
OSINT-00391,NEXO-147-00391,cruce_interno_demo,alias_recurrente,Crítica,Alerta ficticia generada por patrón zona_terminal_transporte,98
OSINT-00392,NEXO-147-00392,red_social_demo,ubicacion_concentrada,Baja,Alerta ficticia generada por patrón sin_patron_confirmado,67
OSINT-00393,NEXO-147-00393,cruce_interno_demo,ubicacion_concentrada,Alta,Alerta ficticia generada por patrón sin_patron_confirmado,100
OSINT-00395,NEXO-147-00395,cruce_interno_demo,cuenta_recurrente,Alta,Alerta ficticia generada por patrón pagos_billetera_digital,100
OSINT-00396,NEXO-147-00396,busqueda_abierta_demo,alias_recurrente,Crítica,Alerta ficticia generada por patrón llamadas_recurrentes,87
OSINT-00397,NEXO-147-00397,cruce_interno_demo,telefono_recurrente,Media,Alerta ficticia generada por patrón pagos_billetera_digital,74
OSINT-00399,NEXO-147-00399,busqueda_abierta_demo,telefono_recurrente,Crítica,Alerta ficticia generada por patrón zona_terminal_transporte,82
OSINT-00400,NEXO-147-00400,busqueda_abierta_demo,ubicacion_concentrada,Baja,Alerta ficticia generada por patrón pico_mensajeria_nocturna,68
OSINT-00401,NEXO-147-00401,cruce_interno_demo,horario_nocturno,Crítica,Alerta ficticia generada por patrón llamadas_recurrentes,99
OSINT-00402,NEXO-147-00402,directorio_telefonico_demo,alias_recurrente,Crítica,Alerta ficticia generada por patrón monto_bajo_repetitivo,71
OSINT-00403,NEXO-147-00403,red_social_demo,telefono_recurrente,Crítica,Alerta ficticia generada por patrón pico_mensajeria_nocturna,86
OSINT-00405,NEXO-147-00405,directorio_telefonico_demo,cuenta_recurrente,Media,Alerta ficticia generada por patrón zona_terminal_transporte,68
OSINT-00406,NEXO-147-00406,busqueda_abierta_demo,ubicacion_concentrada,Alta,Alerta ficticia generada por patrón llamadas_recurrentes,100
OSINT-00407,NEXO-147-00407,busqueda_abierta_demo,horario_nocturno,Alta,Alerta ficticia generada por patrón zona_terminal_transporte,91
OSINT-00408,NEXO-147-00408,cruce_interno_demo,cuenta_recurrente,Media,Alerta ficticia generada por patrón alias_reutilizado,73
OSINT-00409,NEXO-147-00409,busqueda_abierta_demo,alias_recurrente,Media,Alerta ficticia generada por patrón pagos_billetera_digital,84
OSINT-00413,NEXO-147-00413,directorio_telefonico_demo,ubicacion_concentrada,Media,Alerta ficticia generada por patrón llamadas_recurrentes,69
OSINT-00414,NEXO-147-00414,cruce_interno_demo,horario_nocturno,Media,Alerta ficticia generada por patrón sin_patron_confirmado,86
OSINT-00415,NEXO-147-00415,cruce_interno_demo,cuenta_recurrente,Alta,Alerta ficticia generada por patrón alias_reutilizado,75
OSINT-00416,NEXO-147-00416,cruce_interno_demo,ubicacion_concentrada,Alta,Alerta ficticia generada por patrón pagos_billetera_digital,97
OSINT-00417,NEXO-147-00417,directorio_telefonico_demo,ubicacion_concentrada,Crítica,Alerta ficticia generada por patrón pico_mensajeria_nocturna,100
OSINT-00418,NEXO-147-00418,red_social_demo,horario_nocturno,Alta,Alerta ficticia generada por patrón pagos_billetera_digital,81
OSINT-00419,NEXO-147-00419,cruce_interno_demo,ubicacion_concentrada,Alta,Alerta ficticia generada por patrón amenaza_familiar,100
OSINT-00420,NEXO-147-00420,directorio_telefonico_demo,telefono_recurrente,Media,Alerta ficticia generada por patrón amenaza_familiar,70
OSINT-00421,NEXO-147-00421,cruce_interno_demo,ubicacion_concentrada,Crítica,Alerta ficticia generada por patrón pagos_billetera_digital,100
OSINT-00423,NEXO-147-00423,directorio_telefonico_demo,alias_recurrente,Media,Alerta ficticia generada por patrón pico_mensajeria_nocturna,67
OSINT-00424,NEXO-147-00424,directorio_telefonico_demo,cuenta_recurrente,Alta,Alerta ficticia generada por patrón pagos_billetera_digital,67
OSINT-00425,NEXO-147-00425,directorio_telefonico_demo,horario_nocturno,Media,Alerta ficticia generada por patrón llamadas_recurrentes,96
OSINT-00426,NEXO-147-00426,cruce_interno_demo,horario_nocturno,Crítica,Alerta ficticia generada por patrón sin_patron_confirmado,86
OSINT-00427,NEXO-147-00427,cruce_interno_demo,telefono_recurrente,Crítica,Alerta ficticia generada por patrón sin_patron_confirmado,93
OSINT-00429,NEXO-147-00429,cruce_interno_demo,ubicacion_concentrada,Alta,Alerta ficticia generada por patrón pico_mensajeria_nocturna,97
OSINT-00430,NEXO-147-00430,red_social_demo,telefono_recurrente,Alta,Alerta ficticia generada por patrón pagos_billetera_digital,64
OSINT-00432,NEXO-147-00432,busqueda_abierta_demo,telefono_recurrente,Alta,Alerta ficticia generada por patrón pico_mensajeria_nocturna,94
OSINT-00434,NEXO-147-00434,directorio_telefonico_demo,cuenta_recurrente,Baja,Alerta ficticia generada por patrón pagos_billetera_digital,45
OSINT-00435,NEXO-147-00435,directorio_telefonico_demo,alias_recurrente,Crítica,Alerta ficticia generada por patrón pico_mensajeria_nocturna,90
OSINT-00436,NEXO-147-00436,directorio_telefonico_demo,alias_recurrente,Media,Alerta ficticia generada por patrón sin_patron_confirmado,90
OSINT-00437,NEXO-147-00437,directorio_telefonico_demo,telefono_recurrente,Alta,Alerta ficticia generada por patrón pagos_billetera_digital,99
OSINT-00439,NEXO-147-00439,directorio_telefonico_demo,cuenta_recurrente,Alta,Alerta ficticia generada por patrón alias_reutilizado,100
OSINT-00442,NEXO-147-00442,red_social_demo,telefono_recurrente,Alta,Alerta ficticia generada por patrón alias_reutilizado,66
OSINT-00443,NEXO-147-00443,red_social_demo,telefono_recurrente,Media,Alerta ficticia generada por patrón pico_mensajeria_nocturna,77
OSINT-00444,NEXO-147-00444,red_social_demo,cuenta_recurrente,Crítica,Alerta ficticia generada por patrón llamadas_recurrentes,69
OSINT-00445,NEXO-147-00445,busqueda_abierta_demo,horario_nocturno,Crítica,Alerta ficticia generada por patrón alias_reutilizado,79
OSINT-00446,NEXO-147-00446,cruce_interno_demo,alias_recurrente,Media,Alerta ficticia generada por patrón monto_bajo_repetitivo,100
OSINT-00447,NEXO-147-00447,cruce_interno_demo,alias_recurrente,Crítica,Alerta ficticia generada por patrón pico_mensajeria_nocturna,99
OSINT-00448,NEXO-147-00448,red_social_demo,alias_recurrente,Alta,Alerta ficticia generada por patrón pico_mensajeria_nocturna,74
OSINT-00449,NEXO-147-00449,directorio_telefonico_demo,telefono_recurrente,Baja,Alerta ficticia generada por patrón alias_reutilizado,79
OSINT-00450,NEXO-147-00450,red_social_demo,horario_nocturno,Media,Alerta ficticia generada por patrón pico_mensajeria_nocturna,95
OSINT-00451,NEXO-147-00451,cruce_interno_demo,ubicacion_concentrada,Media,Alerta ficticia generada por patrón zona_terminal_transporte,73
OSINT-00452,NEXO-147-00452,cruce_interno_demo,horario_nocturno,Media,Alerta ficticia generada por patrón zona_terminal_transporte,78
OSINT-00454,NEXO-147-00454,directorio_telefonico_demo,cuenta_recurrente,Media,Alerta ficticia generada por patrón zona_terminal_transporte,91
OSINT-00455,NEXO-147-00455,busqueda_abierta_demo,alias_recurrente,Media,Alerta ficticia generada por patrón zona_terminal_transporte,100
OSINT-00456,NEXO-147-00456,directorio_telefonico_demo,alias_recurrente,Crítica,Alerta ficticia generada por patrón pico_mensajeria_nocturna,98
OSINT-00458,NEXO-147-00458,busqueda_abierta_demo,ubicacion_concentrada,Media,Alerta ficticia generada por patrón pico_mensajeria_nocturna,52
OSINT-00459,NEXO-147-00459,busqueda_abierta_demo,horario_nocturno,Alta,Alerta ficticia generada por patrón amenaza_familiar,92
OSINT-00460,NEXO-147-00460,directorio_telefonico_demo,telefono_recurrente,Media,Alerta ficticia generada por patrón monto_bajo_repetitivo,96
OSINT-00462,NEXO-147-00462,busqueda_abierta_demo,ubicacion_concentrada,Crítica,Alerta ficticia generada por patrón zona_terminal_transporte,100
OSINT-00463,NEXO-147-00463,busqueda_abierta_demo,telefono_recurrente,Crítica,Alerta ficticia generada por patrón alias_reutilizado,84
OSINT-00464,NEXO-147-00464,busqueda_abierta_demo,telefono_recurrente,Crítica,Alerta ficticia generada por patrón monto_bajo_repetitivo,95
OSINT-00465,NEXO-147-00465,red_social_demo,horario_nocturno,Media,Alerta ficticia generada por patrón llamadas_recurrentes,60
OSINT-00466,NEXO-147-00466,busqueda_abierta_demo,ubicacion_concentrada,Alta,Alerta ficticia generada por patrón alias_reutilizado,99
OSINT-00467,NEXO-147-00467,directorio_telefonico_demo,cuenta_recurrente,Crítica,Alerta ficticia generada por patrón pico_mensajeria_nocturna,100
OSINT-00468,NEXO-147-00468,red_social_demo,cuenta_recurrente,Crítica,Alerta ficticia generada por patrón pico_mensajeria_nocturna,86
OSINT-00469,NEXO-147-00469,cruce_interno_demo,telefono_recurrente,Crítica,Alerta ficticia generada por patrón pagos_billetera_digital,99
OSINT-00470,NEXO-147-00470,cruce_interno_demo,cuenta_recurrente,Baja,Alerta ficticia generada por patrón llamadas_recurrentes,70
OSINT-00471,NEXO-147-00471,cruce_interno_demo,ubicacion_concentrada,Baja,Alerta ficticia generada por patrón alias_reutilizado,54
OSINT-00473,NEXO-147-00473,red_social_demo,cuenta_recurrente,Alta,Alerta ficticia generada por patrón sin_patron_confirmado,100
OSINT-00474,NEXO-147-00474,directorio_telefonico_demo,ubicacion_concentrada,Alta,Alerta ficticia generada por patrón pico_mensajeria_nocturna,100
OSINT-00475,NEXO-147-00475,cruce_interno_demo,horario_nocturno,Media,Alerta ficticia generada por patrón pagos_billetera_digital,100
OSINT-00476,NEXO-147-00476,cruce_interno_demo,ubicacion_concentrada,Crítica,Alerta ficticia generada por patrón pico_mensajeria_nocturna,100
OSINT-00477,NEXO-147-00477,directorio_telefonico_demo,telefono_recurrente,Media,Alerta ficticia generada por patrón pico_mensajeria_nocturna,100
OSINT-00478,NEXO-147-00478,directorio_telefonico_demo,ubicacion_concentrada,Alta,Alerta ficticia generada por patrón pagos_billetera_digital,99
OSINT-00479,NEXO-147-00479,red_social_demo,horario_nocturno,Media,Alerta ficticia generada por patrón alias_reutilizado,58
OSINT-00481,NEXO-147-00481,directorio_telefonico_demo,alias_recurrente,Media,Alerta ficticia generada por patrón pico_mensajeria_nocturna,67
OSINT-00482,NEXO-147-00482,red_social_demo,telefono_recurrente,Alta,Alerta ficticia generada por patrón alias_reutilizado,98
OSINT-00483,NEXO-147-00483,busqueda_abierta_demo,horario_nocturno,Alta,Alerta ficticia generada por patrón monto_bajo_repetitivo,95
OSINT-00484,NEXO-147-00484,directorio_telefonico_demo,telefono_recurrente,Media,Alerta ficticia generada por patrón llamadas_recurrentes,100
OSINT-00486,NEXO-147-00486,busqueda_abierta_demo,cuenta_recurrente,Crítica,Alerta ficticia generada por patrón llamadas_recurrentes,70
OSINT-00487,NEXO-147-00487,cruce_interno_demo,ubicacion_concentrada,Media,Alerta ficticia generada por patrón pagos_billetera_digital,95
OSINT-00488,NEXO-147-00488,cruce_interno_demo,horario_nocturno,Crítica,Alerta ficticia generada por patrón pico_mensajeria_nocturna,100
OSINT-00490,NEXO-147-00490,red_social_demo,alias_recurrente,Media,Alerta ficticia generada por patrón sin_patron_confirmado,66
OSINT-00491,NEXO-147-00491,cruce_interno_demo,ubicacion_concentrada,Crítica,Alerta ficticia generada por patrón amenaza_familiar,84
OSINT-00492,NEXO-147-00492,busqueda_abierta_demo,horario_nocturno,Alta,Alerta ficticia generada por patrón sin_patron_confirmado,91
OSINT-00494,NEXO-147-00494,red_social_demo,telefono_recurrente,Media,Alerta ficticia generada por patrón amenaza_familiar,100
OSINT-00495,NEXO-147-00495,busqueda_abierta_demo,cuenta_recurrente,Crítica,Alerta ficticia generada por patrón zona_terminal_transporte,94
OSINT-00496,NEXO-147-00496,red_social_demo,ubicacion_concentrada,Crítica,Alerta ficticia generada por patrón pagos_billetera_digital,92
OSINT-00497,NEXO-147-00497,red_social_demo,horario_nocturno,Alta,Alerta ficticia generada por patrón alias_reutilizado,82
OSINT-00498,NEXO-147-00498,red_social_demo,ubicacion_concentrada,Crítica,Alerta ficticia generada por patrón alias_reutilizado,100
OSINT-00499,NEXO-147-00499,busqueda_abierta_demo,ubicacion_concentrada,Media,Alerta ficticia generada por patrón pagos_billetera_digital,100
OSINT-00500,NEXO-147-00500,red_social_demo,horario_nocturno,Alta,Alerta ficticia generada por patrón alias_reutilizado,98
