id_medio_pago,id_reporte,tipo_medio,cuenta_o_identificador,monto,banco_billetera,reincidente_demo
MP-00001,NEXO-147-00001,Daviplata,CTA-DEMO-499,1795833,Daviplata,NO
MP-00002,NEXO-147-00002,Daviplata,CTA-DEMO-472,5175088,Daviplata,NO
MP-00003,NEXO-147-00003,Daviplata,CTA-DEMO-358,0,Daviplata,NO
MP-00004,NEXO-147-00004,Nequi,CTA-DEMO-266,54650757,Nequi,NO
MP-00005,NEXO-147-00005,Giro nacional,CTA-DEMO-020,532018,Giro,NO
MP-00006,NEXO-147-00006,Nequi,CTA-DEMO-019,74727437,Nequi,NO
MP-00007,NEXO-147-00007,Cuenta corresponsal,CTA-DEMO-007,0,Cuenta,SI
MP-00008,NEXO-147-00008,Cripto billetera demo,CTA-DEMO-006,12433850,Cripto,SI
MP-00009,NEXO-147-00009,Daviplata,CTA-DEMO-792,5262976,Daviplata,NO
MP-00010,NEXO-147-00010,Bancolombia cuenta ahorro,CTA-DEMO-320,0,Bancolombia,NO
MP-00011,NEXO-147-00011,Bancolombia cuenta ahorro,CTA-DEMO-019,9611271,Bancolombia,NO
MP-00012,NEXO-147-00012,Nequi,CTA-DEMO-006,211402,Nequi,SI
MP-00013,NEXO-147-00013,Daviplata,CTA-DEMO-681,2302662,Daviplata,NO
MP-00014,NEXO-147-00014,Cuenta corresponsal,CTA-DEMO-246,0,Cuenta,NO
MP-00015,NEXO-147-00015,Cuenta corresponsal,CTA-DEMO-885,0,Cuenta,NO
MP-00016,NEXO-147-00016,Nequi,CTA-DEMO-510,0,Nequi,NO
MP-00017,NEXO-147-00017,Cripto billetera demo,CTA-DEMO-764,15289518,Cripto,NO
MP-00018,NEXO-147-00018,Daviplata,CTA-DEMO-958,43693945,Daviplata,NO
MP-00019,NEXO-147-00019,Daviplata,CTA-DEMO-656,15828949,Daviplata,NO
MP-00020,NEXO-147-00020,Giro nacional,CTA-DEMO-008,13432609,Giro,SI
MP-00021,NEXO-147-00021,Daviplata,CTA-DEMO-879,23088960,Daviplata,NO
MP-00022,NEXO-147-00022,Cripto billetera demo,CTA-DEMO-003,0,Cripto,SI
MP-00023,NEXO-147-00023,Sin cuenta reportada,CTA-DEMO-968,721748,,NO
MP-00024,NEXO-147-00024,Bancolombia cuenta ahorro,CTA-DEMO-224,32214637,Bancolombia,NO
MP-00025,NEXO-147-00025,Bancolombia cuenta ahorro,CTA-DEMO-290,107213,Bancolombia,NO
MP-00026,NEXO-147-00026,Giro nacional,CTA-DEMO-498,63132605,Giro,NO
MP-00027,NEXO-147-00027,Nequi,CTA-DEMO-196,0,Nequi,NO
MP-00028,NEXO-147-00028,Giro nacional,CTA-DEMO-018,0,Giro,NO
MP-00029,NEXO-147-00029,Cripto billetera demo,CTA-DEMO-637,3479023,Cripto,NO
MP-00030,NEXO-147-00030,Sin cuenta reportada,CTA-DEMO-740,7073086,,NO
MP-00031,NEXO-147-00031,Cripto billetera demo,CTA-DEMO-397,482477,Cripto,NO
MP-00032,NEXO-147-00032,Daviplata,CTA-DEMO-004,76664034,Daviplata,SI
MP-00033,NEXO-147-00033,Daviplata,CTA-DEMO-007,4411209,Daviplata,SI
MP-00034,NEXO-147-00034,Cuenta corresponsal,CTA-DEMO-004,53739032,Cuenta,SI
MP-00035,NEXO-147-00035,Cuenta corresponsal,CTA-DEMO-003,46737084,Cuenta,SI
MP-00036,NEXO-147-00036,Bancolombia cuenta ahorro,CTA-DEMO-599,3193177,Bancolombia,NO
MP-00037,NEXO-147-00037,Bancolombia cuenta ahorro,CTA-DEMO-794,30569744,Bancolombia,NO
MP-00038,NEXO-147-00038,Bancolombia cuenta ahorro,CTA-DEMO-013,728894,Bancolombia,NO
MP-00039,NEXO-147-00039,Giro nacional,CTA-DEMO-221,3857401,Giro,NO
MP-00040,NEXO-147-00040,Cuenta corresponsal,CTA-DEMO-279,5120600,Cuenta,NO
MP-00041,NEXO-147-00041,Daviplata,CTA-DEMO-384,54652011,Daviplata,NO
MP-00042,NEXO-147-00042,Giro nacional,CTA-DEMO-001,16708900,Giro,SI
MP-00043,NEXO-147-00043,Daviplata,CTA-DEMO-554,59764533,Daviplata,NO
MP-00044,NEXO-147-00044,Cripto billetera demo,CTA-DEMO-810,76936050,Cripto,NO
MP-00045,NEXO-147-00045,Giro nacional,CTA-DEMO-218,1389380,Giro,NO
MP-00046,NEXO-147-00046,Nequi,CTA-DEMO-005,41641057,Nequi,SI
MP-00047,NEXO-147-00047,Cuenta corresponsal,CTA-DEMO-207,0,Cuenta,NO
MP-00048,NEXO-147-00048,Sin cuenta reportada,CTA-DEMO-017,4731572,,NO
MP-00049,NEXO-147-00049,Giro nacional,CTA-DEMO-161,4772240,Giro,NO
MP-00050,NEXO-147-00050,Sin cuenta reportada,CTA-DEMO-018,3959929,,NO
MP-00051,NEXO-147-00051,Nequi,CTA-DEMO-007,0,Nequi,SI
MP-00052,NEXO-147-00052,Sin cuenta reportada,CTA-DEMO-015,0,,NO
MP-00053,NEXO-147-00053,Cuenta corresponsal,CTA-DEMO-005,21091113,Cuenta,SI
MP-00054,NEXO-147-00054,Sin cuenta reportada,CTA-DEMO-353,3417081,,NO
MP-00055,NEXO-147-00055,Nequi,CTA-DEMO-947,267206,Nequi,NO
MP-00056,NEXO-147-00056,Sin cuenta reportada,CTA-DEMO-736,0,,NO
MP-00057,NEXO-147-00057,Daviplata,CTA-DEMO-015,47864856,Daviplata,NO
MP-00058,NEXO-147-00058,Daviplata,CTA-DEMO-945,45355559,Daviplata,NO
MP-00059,NEXO-147-00059,Bancolombia cuenta ahorro,CTA-DEMO-008,59334354,Bancolombia,SI
MP-00060,NEXO-147-00060,Daviplata,CTA-DEMO-015,18821448,Daviplata,NO
MP-00061,NEXO-147-00061,Sin cuenta reportada,CTA-DEMO-006,8396442,,SI
MP-00062,NEXO-147-00062,Cuenta corresponsal,CTA-DEMO-180,37001222,Cuenta,NO
MP-00063,NEXO-147-00063,Bancolombia cuenta ahorro,CTA-DEMO-003,55762328,Bancolombia,SI
MP-00064,NEXO-147-00064,Bancolombia cuenta ahorro,CTA-DEMO-017,62554242,Bancolombia,NO
MP-00065,NEXO-147-00065,Bancolombia cuenta ahorro,CTA-DEMO-734,77149208,Bancolombia,NO
MP-00066,NEXO-147-00066,Daviplata,CTA-DEMO-351,76641527,Daviplata,NO
MP-00067,NEXO-147-00067,Bancolombia cuenta ahorro,CTA-DEMO-713,0,Bancolombia,NO
MP-00068,NEXO-147-00068,Giro nacional,CTA-DEMO-002,2951469,Giro,SI
MP-00069,NEXO-147-00069,Nequi,CTA-DEMO-914,18740152,Nequi,NO
MP-00070,NEXO-147-00070,Giro nacional,CTA-DEMO-959,399618,Giro,NO
MP-00071,NEXO-147-00071,Sin cuenta reportada,CTA-DEMO-011,38848892,,NO
MP-00072,NEXO-147-00072,Sin cuenta reportada,CTA-DEMO-790,51063890,,NO
MP-00073,NEXO-147-00073,Sin cuenta reportada,CTA-DEMO-020,31143869,,NO
MP-00074,NEXO-147-00074,Cuenta corresponsal,CTA-DEMO-378,2127201,Cuenta,NO
MP-00075,NEXO-147-00075,Cuenta corresponsal,CTA-DEMO-552,5462808,Cuenta,NO
MP-00076,NEXO-147-00076,Cuenta corresponsal,CTA-DEMO-398,4929095,Cuenta,NO
MP-00077,NEXO-147-00077,Cripto billetera demo,CTA-DEMO-200,887091,Cripto,NO
MP-00078,NEXO-147-00078,Daviplata,CTA-DEMO-007,742221,Daviplata,SI
MP-00079,NEXO-147-00079,Giro nacional,CTA-DEMO-004,273940,Giro,SI
MP-00080,NEXO-147-00080,Nequi,CTA-DEMO-014,66138962,Nequi,NO
MP-00081,NEXO-147-00081,Cuenta corresponsal,CTA-DEMO-016,816520,Cuenta,NO
MP-00082,NEXO-147-00082,Cripto billetera demo,CTA-DEMO-353,2757799,Cripto,NO
MP-00083,NEXO-147-00083,Sin cuenta reportada,CTA-DEMO-333,11848459,,NO
MP-00084,NEXO-147-00084,Bancolombia cuenta ahorro,CTA-DEMO-008,8624077,Bancolombia,SI
MP-00085,NEXO-147-00085,Nequi,CTA-DEMO-962,1495980,Nequi,NO
MP-00086,NEXO-147-00086,Cuenta corresponsal,CTA-DEMO-860,52879481,Cuenta,NO
MP-00087,NEXO-147-00087,Sin cuenta reportada,CTA-DEMO-847,61137033,,NO
MP-00088,NEXO-147-00088,Sin cuenta reportada,CTA-DEMO-793,2965247,,NO
MP-00089,NEXO-147-00089,Daviplata,CTA-DEMO-416,13680174,Daviplata,NO
MP-00090,NEXO-147-00090,Nequi,CTA-DEMO-186,0,Nequi,NO
MP-00091,NEXO-147-00091,Bancolombia cuenta ahorro,CTA-DEMO-622,37002737,Bancolombia,NO
MP-00092,NEXO-147-00092,Nequi,CTA-DEMO-009,74161385,Nequi,SI
MP-00093,NEXO-147-00093,Sin cuenta reportada,CTA-DEMO-004,5627948,,SI
MP-00094,NEXO-147-00094,Cripto billetera demo,CTA-DEMO-733,4887847,Cripto,NO
MP-00095,NEXO-147-00095,Nequi,CTA-DEMO-960,5347940,Nequi,NO
MP-00096,NEXO-147-00096,Nequi,CTA-DEMO-972,810955,Nequi,NO
MP-00097,NEXO-147-00097,Cripto billetera demo,CTA-DEMO-971,18101074,Cripto,NO
MP-00098,NEXO-147-00098,Sin cuenta reportada,CTA-DEMO-805,6457471,,NO
MP-00099,NEXO-147-00099,Nequi,CTA-DEMO-412,0,Nequi,NO
MP-00100,NEXO-147-00100,Daviplata,CTA-DEMO-007,79386294,Daviplata,SI
MP-00101,NEXO-147-00101,Giro nacional,CTA-DEMO-019,67318386,Giro,NO
MP-00102,NEXO-147-00102,Cuenta corresponsal,CTA-DEMO-393,4303962,Cuenta,NO
MP-00103,NEXO-147-00103,Cuenta corresponsal,CTA-DEMO-264,78441324,Cuenta,NO
MP-00104,NEXO-147-00104,Sin cuenta reportada,CTA-DEMO-804,55297664,,NO
MP-00105,NEXO-147-00105,Cripto billetera demo,CTA-DEMO-746,24322412,Cripto,NO
MP-00106,NEXO-147-00106,Cripto billetera demo,CTA-DEMO-450,0,Cripto,NO
MP-00107,NEXO-147-00107,Giro nacional,CTA-DEMO-771,0,Giro,NO
MP-00108,NEXO-147-00108,Cripto billetera demo,CTA-DEMO-717,45100898,Cripto,NO
MP-00109,NEXO-147-00109,Cuenta corresponsal,CTA-DEMO-017,26080776,Cuenta,NO
MP-00110,NEXO-147-00110,Sin cuenta reportada,CTA-DEMO-896,5908469,,NO
MP-00111,NEXO-147-00111,Nequi,CTA-DEMO-127,0,Nequi,NO
MP-00112,NEXO-147-00112,Nequi,CTA-DEMO-442,5144054,Nequi,NO
MP-00113,NEXO-147-00113,Sin cuenta reportada,CTA-DEMO-015,11297634,,NO
MP-00114,NEXO-147-00114,Cuenta corresponsal,CTA-DEMO-863,21097600,Cuenta,NO
MP-00115,NEXO-147-00115,Giro nacional,CTA-DEMO-512,50443716,Giro,NO
MP-00116,NEXO-147-00116,Cripto billetera demo,CTA-DEMO-015,5409555,Cripto,NO
MP-00117,NEXO-147-00117,Bancolombia cuenta ahorro,CTA-DEMO-006,0,Bancolombia,SI
MP-00118,NEXO-147-00118,Cripto billetera demo,CTA-DEMO-930,76793851,Cripto,NO
MP-00119,NEXO-147-00119,Giro nacional,CTA-DEMO-357,3991637,Giro,NO
MP-00120,NEXO-147-00120,Sin cuenta reportada,CTA-DEMO-562,7678770,,NO
MP-00121,NEXO-147-00121,Sin cuenta reportada,CTA-DEMO-003,71307558,,SI
MP-00122,NEXO-147-00122,Giro nacional,CTA-DEMO-328,0,Giro,NO
MP-00123,NEXO-147-00123,Cripto billetera demo,CTA-DEMO-234,62002752,Cripto,NO
MP-00124,NEXO-147-00124,Cripto billetera demo,CTA-DEMO-876,4631483,Cripto,NO
MP-00125,NEXO-147-00125,Nequi,CTA-DEMO-110,17035842,Nequi,NO
MP-00126,NEXO-147-00126,Sin cuenta reportada,CTA-DEMO-256,5520412,,NO
MP-00127,NEXO-147-00127,Daviplata,CTA-DEMO-019,871036,Daviplata,NO
MP-00128,NEXO-147-00128,Nequi,CTA-DEMO-524,76786274,Nequi,NO
MP-00129,NEXO-147-00129,Cuenta corresponsal,CTA-DEMO-918,8924221,Cuenta,NO
MP-00130,NEXO-147-00130,Bancolombia cuenta ahorro,CTA-DEMO-357,480092,Bancolombia,NO
MP-00131,NEXO-147-00131,Cuenta corresponsal,CTA-DEMO-003,1462545,Cuenta,SI
MP-00132,NEXO-147-00132,Bancolombia cuenta ahorro,CTA-DEMO-013,3288720,Bancolombia,NO
MP-00133,NEXO-147-00133,Bancolombia cuenta ahorro,CTA-DEMO-212,70839498,Bancolombia,NO
MP-00134,NEXO-147-00134,Cripto billetera demo,CTA-DEMO-810,13527490,Cripto,NO
MP-00135,NEXO-147-00135,Nequi,CTA-DEMO-251,19023170,Nequi,NO
MP-00136,NEXO-147-00136,Daviplata,CTA-DEMO-020,278406,Daviplata,NO
MP-00137,NEXO-147-00137,Giro nacional,CTA-DEMO-686,2001491,Giro,NO
MP-00138,NEXO-147-00138,Bancolombia cuenta ahorro,CTA-DEMO-003,18432656,Bancolombia,SI
MP-00139,NEXO-147-00139,Sin cuenta reportada,CTA-DEMO-137,15209833,,NO
MP-00140,NEXO-147-00140,Giro nacional,CTA-DEMO-316,1870447,Giro,NO
MP-00141,NEXO-147-00141,Bancolombia cuenta ahorro,CTA-DEMO-424,51798262,Bancolombia,NO
MP-00142,NEXO-147-00142,Cripto billetera demo,CTA-DEMO-145,842745,Cripto,NO
MP-00143,NEXO-147-00143,Cripto billetera demo,CTA-DEMO-985,4856106,Cripto,NO
MP-00144,NEXO-147-00144,Nequi,CTA-DEMO-016,64676879,Nequi,NO
MP-00145,NEXO-147-00145,Bancolombia cuenta ahorro,CTA-DEMO-433,1912498,Bancolombia,NO
MP-00146,NEXO-147-00146,Daviplata,CTA-DEMO-228,528326,Daviplata,NO
MP-00147,NEXO-147-00147,Sin cuenta reportada,CTA-DEMO-005,32318888,,SI
MP-00148,NEXO-147-00148,Nequi,CTA-DEMO-009,56627590,Nequi,SI
MP-00149,NEXO-147-00149,Giro nacional,CTA-DEMO-935,602401,Giro,NO
MP-00150,NEXO-147-00150,Cripto billetera demo,CTA-DEMO-729,78274037,Cripto,NO
MP-00151,NEXO-147-00151,Giro nacional,CTA-DEMO-256,2402995,Giro,NO
MP-00152,NEXO-147-00152,Bancolombia cuenta ahorro,CTA-DEMO-012,24796509,Bancolombia,NO
MP-00153,NEXO-147-00153,Cuenta corresponsal,CTA-DEMO-011,57435256,Cuenta,NO
MP-00154,NEXO-147-00154,Sin cuenta reportada,CTA-DEMO-012,2798093,,NO
MP-00155,NEXO-147-00155,Cuenta corresponsal,CTA-DEMO-935,20165425,Cuenta,NO
MP-00156,NEXO-147-00156,Giro nacional,CTA-DEMO-629,34137420,Giro,NO
MP-00157,NEXO-147-00157,Cuenta corresponsal,CTA-DEMO-230,26222703,Cuenta,NO
MP-00158,NEXO-147-00158,Daviplata,CTA-DEMO-013,2000431,Daviplata,NO
MP-00159,NEXO-147-00159,Sin cuenta reportada,CTA-DEMO-726,206383,,NO
MP-00160,NEXO-147-00160,Bancolombia cuenta ahorro,CTA-DEMO-012,56620225,Bancolombia,NO
MP-00161,NEXO-147-00161,Bancolombia cuenta ahorro,CTA-DEMO-009,10390057,Bancolombia,SI
MP-00162,NEXO-147-00162,Bancolombia cuenta ahorro,CTA-DEMO-017,0,Bancolombia,NO
MP-00163,NEXO-147-00163,Daviplata,CTA-DEMO-006,57233852,Daviplata,SI
MP-00164,NEXO-147-00164,Bancolombia cuenta ahorro,CTA-DEMO-478,5565436,Bancolombia,NO
MP-00165,NEXO-147-00165,Cuenta corresponsal,CTA-DEMO-019,63410928,Cuenta,NO
MP-00166,NEXO-147-00166,Nequi,CTA-DEMO-007,62808324,Nequi,SI
MP-00167,NEXO-147-00167,Nequi,CTA-DEMO-482,11593777,Nequi,NO
MP-00168,NEXO-147-00168,Sin cuenta reportada,CTA-DEMO-819,152121,,NO
MP-00169,NEXO-147-00169,Cripto billetera demo,CTA-DEMO-005,0,Cripto,SI
MP-00170,NEXO-147-00170,Bancolombia cuenta ahorro,CTA-DEMO-490,17883898,Bancolombia,NO
MP-00171,NEXO-147-00171,Cuenta corresponsal,CTA-DEMO-583,0,Cuenta,NO
MP-00172,NEXO-147-00172,Nequi,CTA-DEMO-936,67326414,Nequi,NO
MP-00173,NEXO-147-00173,Bancolombia cuenta ahorro,CTA-DEMO-018,379112,Bancolombia,NO
MP-00174,NEXO-147-00174,Bancolombia cuenta ahorro,CTA-DEMO-007,0,Bancolombia,SI
MP-00175,NEXO-147-00175,Sin cuenta reportada,CTA-DEMO-015,69499708,,NO
MP-00176,NEXO-147-00176,Cuenta corresponsal,CTA-DEMO-008,60454565,Cuenta,SI
MP-00177,NEXO-147-00177,Bancolombia cuenta ahorro,CTA-DEMO-017,31058676,Bancolombia,NO
MP-00178,NEXO-147-00178,Cripto billetera demo,CTA-DEMO-694,0,Cripto,NO
MP-00179,NEXO-147-00179,Nequi,CTA-DEMO-001,52845472,Nequi,SI
MP-00180,NEXO-147-00180,Giro nacional,CTA-DEMO-009,23018261,Giro,SI
MP-00181,NEXO-147-00181,Giro nacional,CTA-DEMO-018,4431069,Giro,NO
MP-00182,NEXO-147-00182,Daviplata,CTA-DEMO-007,0,Daviplata,SI
MP-00183,NEXO-147-00183,Giro nacional,CTA-DEMO-016,10022431,Giro,NO
MP-00184,NEXO-147-00184,Cuenta corresponsal,CTA-DEMO-874,56577221,Cuenta,NO
MP-00185,NEXO-147-00185,Bancolombia cuenta ahorro,CTA-DEMO-012,0,Bancolombia,NO
MP-00186,NEXO-147-00186,Daviplata,CTA-DEMO-694,721476,Daviplata,NO
MP-00187,NEXO-147-00187,Daviplata,CTA-DEMO-011,0,Daviplata,NO
MP-00188,NEXO-147-00188,Daviplata,CTA-DEMO-007,0,Daviplata,SI
MP-00189,NEXO-147-00189,Daviplata,CTA-DEMO-547,27424884,Daviplata,NO
MP-00190,NEXO-147-00190,Sin cuenta reportada,CTA-DEMO-260,14961225,,NO
MP-00191,NEXO-147-00191,Giro nacional,CTA-DEMO-324,1657674,Giro,NO
MP-00192,NEXO-147-00192,Cripto billetera demo,CTA-DEMO-816,5001381,Cripto,NO
MP-00193,NEXO-147-00193,Bancolombia cuenta ahorro,CTA-DEMO-698,12440882,Bancolombia,NO
MP-00194,NEXO-147-00194,Cripto billetera demo,CTA-DEMO-013,0,Cripto,NO
MP-00195,NEXO-147-00195,Cuenta corresponsal,CTA-DEMO-480,0,Cuenta,NO
MP-00196,NEXO-147-00196,Nequi,CTA-DEMO-406,5989214,Nequi,NO
MP-00197,NEXO-147-00197,Cuenta corresponsal,CTA-DEMO-011,3394147,Cuenta,NO
MP-00198,NEXO-147-00198,Cripto billetera demo,CTA-DEMO-003,23511323,Cripto,SI
MP-00199,NEXO-147-00199,Bancolombia cuenta ahorro,CTA-DEMO-953,31653220,Bancolombia,NO
MP-00200,NEXO-147-00200,Bancolombia cuenta ahorro,CTA-DEMO-004,2909850,Bancolombia,SI
MP-00201,NEXO-147-00201,Giro nacional,CTA-DEMO-316,13018244,Giro,NO
MP-00202,NEXO-147-00202,Bancolombia cuenta ahorro,CTA-DEMO-016,0,Bancolombia,NO
MP-00203,NEXO-147-00203,Nequi,CTA-DEMO-012,29795513,Nequi,NO
MP-00204,NEXO-147-00204,Cuenta corresponsal,CTA-DEMO-013,66753762,Cuenta,NO
MP-00205,NEXO-147-00205,Cripto billetera demo,CTA-DEMO-515,50375698,Cripto,NO
MP-00206,NEXO-147-00206,Sin cuenta reportada,CTA-DEMO-010,1235055,,SI
MP-00207,NEXO-147-00207,Cripto billetera demo,CTA-DEMO-731,5646936,Cripto,NO
MP-00208,NEXO-147-00208,Sin cuenta reportada,CTA-DEMO-103,288582,,NO
MP-00209,NEXO-147-00209,Cuenta corresponsal,CTA-DEMO-921,73477534,Cuenta,NO
MP-00210,NEXO-147-00210,Daviplata,CTA-DEMO-006,66700018,Daviplata,SI
MP-00211,NEXO-147-00211,Cuenta corresponsal,CTA-DEMO-416,688335,Cuenta,NO
MP-00212,NEXO-147-00212,Nequi,CTA-DEMO-649,68240336,Nequi,NO
MP-00213,NEXO-147-00213,Cuenta corresponsal,CTA-DEMO-762,26012743,Cuenta,NO
MP-00214,NEXO-147-00214,Sin cuenta reportada,CTA-DEMO-006,0,,SI
MP-00215,NEXO-147-00215,Cripto billetera demo,CTA-DEMO-015,193977,Cripto,NO
MP-00216,NEXO-147-00216,Daviplata,CTA-DEMO-469,79383600,Daviplata,NO
MP-00217,NEXO-147-00217,Giro nacional,CTA-DEMO-825,16239098,Giro,NO
MP-00218,NEXO-147-00218,Nequi,CTA-DEMO-017,22630311,Nequi,NO
MP-00219,NEXO-147-00219,Cuenta corresponsal,CTA-DEMO-726,32879451,Cuenta,NO
MP-00220,NEXO-147-00220,Giro nacional,CTA-DEMO-765,0,Giro,NO
MP-00221,NEXO-147-00221,Daviplata,CTA-DEMO-548,461698,Daviplata,NO
MP-00222,NEXO-147-00222,Cripto billetera demo,CTA-DEMO-019,19649115,Cripto,NO
MP-00223,NEXO-147-00223,Bancolombia cuenta ahorro,CTA-DEMO-010,0,Bancolombia,SI
MP-00224,NEXO-147-00224,Nequi,CTA-DEMO-926,5897529,Nequi,NO
MP-00225,NEXO-147-00225,Daviplata,CTA-DEMO-217,0,Daviplata,NO
MP-00226,NEXO-147-00226,Giro nacional,CTA-DEMO-502,5902016,Giro,NO
MP-00227,NEXO-147-00227,Cuenta corresponsal,CTA-DEMO-312,43339606,Cuenta,NO
MP-00228,NEXO-147-00228,Cuenta corresponsal,CTA-DEMO-014,13300606,Cuenta,NO
MP-00229,NEXO-147-00229,Daviplata,CTA-DEMO-015,599594,Daviplata,NO
MP-00230,NEXO-147-00230,Cuenta corresponsal,CTA-DEMO-017,0,Cuenta,NO
MP-00231,NEXO-147-00231,Nequi,CTA-DEMO-008,628609,Nequi,SI
MP-00232,NEXO-147-00232,Cuenta corresponsal,CTA-DEMO-822,37349405,Cuenta,NO
MP-00233,NEXO-147-00233,Cripto billetera demo,CTA-DEMO-014,351056,Cripto,NO
MP-00234,NEXO-147-00234,Bancolombia cuenta ahorro,CTA-DEMO-019,57254258,Bancolombia,NO
MP-00235,NEXO-147-00235,Giro nacional,CTA-DEMO-574,0,Giro,NO
MP-00236,NEXO-147-00236,Daviplata,CTA-DEMO-212,15598671,Daviplata,NO
MP-00237,NEXO-147-00237,Bancolombia cuenta ahorro,CTA-DEMO-833,238441,Bancolombia,NO
MP-00238,NEXO-147-00238,Giro nacional,CTA-DEMO-013,45299603,Giro,NO
MP-00239,NEXO-147-00239,Nequi,CTA-DEMO-013,620627,Nequi,NO
MP-00240,NEXO-147-00240,Daviplata,CTA-DEMO-204,7600860,Daviplata,NO
MP-00241,NEXO-147-00241,Cripto billetera demo,CTA-DEMO-831,56005390,Cripto,NO
MP-00242,NEXO-147-00242,Cuenta corresponsal,CTA-DEMO-408,22210455,Cuenta,NO
MP-00243,NEXO-147-00243,Nequi,CTA-DEMO-605,71017562,Nequi,NO
MP-00244,NEXO-147-00244,Cuenta corresponsal,CTA-DEMO-164,62967888,Cuenta,NO
MP-00245,NEXO-147-00245,Nequi,CTA-DEMO-847,0,Nequi,NO
MP-00246,NEXO-147-00246,Cripto billetera demo,CTA-DEMO-006,5522619,Cripto,SI
MP-00247,NEXO-147-00247,Daviplata,CTA-DEMO-017,9351299,Daviplata,NO
MP-00248,NEXO-147-00248,Nequi,CTA-DEMO-121,104108,Nequi,NO
MP-00249,NEXO-147-00249,Giro nacional,CTA-DEMO-169,72363328,Giro,NO
MP-00250,NEXO-147-00250,Bancolombia cuenta ahorro,CTA-DEMO-001,21495833,Bancolombia,SI
MP-00251,NEXO-147-00251,Bancolombia cuenta ahorro,CTA-DEMO-593,817786,Bancolombia,NO
MP-00252,NEXO-147-00252,Nequi,CTA-DEMO-364,44841810,Nequi,NO
MP-00253,NEXO-147-00253,Bancolombia cuenta ahorro,CTA-DEMO-641,7544040,Bancolombia,NO
MP-00254,NEXO-147-00254,Cripto billetera demo,CTA-DEMO-256,0,Cripto,NO
MP-00255,NEXO-147-00255,Bancolombia cuenta ahorro,CTA-DEMO-481,64897056,Bancolombia,NO
MP-00256,NEXO-147-00256,Sin cuenta reportada,CTA-DEMO-004,54659270,,SI
MP-00257,NEXO-147-00257,Nequi,CTA-DEMO-011,272873,Nequi,NO
MP-00258,NEXO-147-00258,Daviplata,CTA-DEMO-320,60171148,Daviplata,NO
MP-00259,NEXO-147-00259,Sin cuenta reportada,CTA-DEMO-592,0,,NO
MP-00260,NEXO-147-00260,Sin cuenta reportada,CTA-DEMO-003,35831068,,SI
MP-00261,NEXO-147-00261,Cuenta corresponsal,CTA-DEMO-598,2653900,Cuenta,NO
MP-00262,NEXO-147-00262,Nequi,CTA-DEMO-464,52294212,Nequi,NO
MP-00263,NEXO-147-00263,Cuenta corresponsal,CTA-DEMO-005,4328436,Cuenta,SI
MP-00264,NEXO-147-00264,Sin cuenta reportada,CTA-DEMO-394,12352524,,NO
MP-00265,NEXO-147-00265,Cripto billetera demo,CTA-DEMO-687,55490466,Cripto,NO
MP-00266,NEXO-147-00266,Sin cuenta reportada,CTA-DEMO-997,36097440,,NO
MP-00267,NEXO-147-00267,Cuenta corresponsal,CTA-DEMO-105,2772697,Cuenta,NO
MP-00268,NEXO-147-00268,Sin cuenta reportada,CTA-DEMO-682,71558436,,NO
MP-00269,NEXO-147-00269,Giro nacional,CTA-DEMO-883,0,Giro,NO
MP-00270,NEXO-147-00270,Sin cuenta reportada,CTA-DEMO-658,451754,,NO
MP-00271,NEXO-147-00271,Cuenta corresponsal,CTA-DEMO-015,5031847,Cuenta,NO
MP-00272,NEXO-147-00272,Bancolombia cuenta ahorro,CTA-DEMO-783,55887180,Bancolombia,NO
MP-00273,NEXO-147-00273,Nequi,CTA-DEMO-977,13699120,Nequi,NO
MP-00274,NEXO-147-00274,Bancolombia cuenta ahorro,CTA-DEMO-643,12494342,Bancolombia,NO
MP-00275,NEXO-147-00275,Sin cuenta reportada,CTA-DEMO-974,8691608,,NO
MP-00276,NEXO-147-00276,Giro nacional,CTA-DEMO-019,0,Giro,NO
MP-00277,NEXO-147-00277,Sin cuenta reportada,CTA-DEMO-016,12526699,,NO
MP-00278,NEXO-147-00278,Daviplata,CTA-DEMO-520,747502,Daviplata,NO
MP-00279,NEXO-147-00279,Giro nacional,CTA-DEMO-020,65105197,Giro,NO
MP-00280,NEXO-147-00280,Sin cuenta reportada,CTA-DEMO-002,8858923,,SI
MP-00281,NEXO-147-00281,Cripto billetera demo,CTA-DEMO-004,65020636,Cripto,SI
MP-00282,NEXO-147-00282,Daviplata,CTA-DEMO-016,26942328,Daviplata,NO
MP-00283,NEXO-147-00283,Giro nacional,CTA-DEMO-501,41404745,Giro,NO
MP-00284,NEXO-147-00284,Nequi,CTA-DEMO-813,59529876,Nequi,NO
MP-00285,NEXO-147-00285,Daviplata,CTA-DEMO-439,64039790,Daviplata,NO
MP-00286,NEXO-147-00286,Giro nacional,CTA-DEMO-791,807168,Giro,NO
MP-00287,NEXO-147-00287,Giro nacional,CTA-DEMO-002,845976,Giro,SI
MP-00288,NEXO-147-00288,Cripto billetera demo,CTA-DEMO-545,20104722,Cripto,NO
MP-00289,NEXO-147-00289,Nequi,CTA-DEMO-665,22260466,Nequi,NO
MP-00290,NEXO-147-00290,Daviplata,CTA-DEMO-747,31331745,Daviplata,NO
MP-00291,NEXO-147-00291,Bancolombia cuenta ahorro,CTA-DEMO-010,0,Bancolombia,SI
MP-00292,NEXO-147-00292,Cripto billetera demo,CTA-DEMO-554,74064985,Cripto,NO
MP-00293,NEXO-147-00293,Cripto billetera demo,CTA-DEMO-005,7748956,Cripto,SI
MP-00294,NEXO-147-00294,Nequi,CTA-DEMO-008,1535232,Nequi,SI
MP-00295,NEXO-147-00295,Sin cuenta reportada,CTA-DEMO-703,2553300,,NO
MP-00296,NEXO-147-00296,Daviplata,CTA-DEMO-015,37940742,Daviplata,NO
MP-00297,NEXO-147-00297,Cripto billetera demo,CTA-DEMO-721,5182706,Cripto,NO
MP-00298,NEXO-147-00298,Cuenta corresponsal,CTA-DEMO-001,3338980,Cuenta,SI
MP-00299,NEXO-147-00299,Daviplata,CTA-DEMO-397,461478,Daviplata,NO
MP-00300,NEXO-147-00300,Bancolombia cuenta ahorro,CTA-DEMO-006,0,Bancolombia,SI
MP-00301,NEXO-147-00301,Cripto billetera demo,CTA-DEMO-008,78161718,Cripto,SI
MP-00302,NEXO-147-00302,Daviplata,CTA-DEMO-485,7485250,Daviplata,NO
MP-00303,NEXO-147-00303,Nequi,CTA-DEMO-002,5398402,Nequi,SI
MP-00304,NEXO-147-00304,Daviplata,CTA-DEMO-961,76931023,Daviplata,NO
MP-00305,NEXO-147-00305,Nequi,CTA-DEMO-013,79167835,Nequi,NO
MP-00306,NEXO-147-00306,Daviplata,CTA-DEMO-149,556882,Daviplata,NO
MP-00307,NEXO-147-00307,Sin cuenta reportada,CTA-DEMO-013,9030467,,NO
MP-00308,NEXO-147-00308,Nequi,CTA-DEMO-013,13061384,Nequi,NO
MP-00309,NEXO-147-00309,Giro nacional,CTA-DEMO-635,27819600,Giro,NO
MP-00310,NEXO-147-00310,Daviplata,CTA-DEMO-011,806160,Daviplata,NO
MP-00311,NEXO-147-00311,Bancolombia cuenta ahorro,CTA-DEMO-254,3496420,Bancolombia,NO
MP-00312,NEXO-147-00312,Giro nacional,CTA-DEMO-939,449200,Giro,NO
MP-00313,NEXO-147-00313,Bancolombia cuenta ahorro,CTA-DEMO-017,8822669,Bancolombia,NO
MP-00314,NEXO-147-00314,Daviplata,CTA-DEMO-007,6260383,Daviplata,SI
MP-00315,NEXO-147-00315,Daviplata,CTA-DEMO-012,17914932,Daviplata,NO
MP-00316,NEXO-147-00316,Daviplata,CTA-DEMO-272,12223905,Daviplata,NO
MP-00317,NEXO-147-00317,Cuenta corresponsal,CTA-DEMO-424,50469987,Cuenta,NO
MP-00318,NEXO-147-00318,Bancolombia cuenta ahorro,CTA-DEMO-741,0,Bancolombia,NO
MP-00319,NEXO-147-00319,Bancolombia cuenta ahorro,CTA-DEMO-002,17250663,Bancolombia,SI
MP-00320,NEXO-147-00320,Cripto billetera demo,CTA-DEMO-980,69992706,Cripto,NO
MP-00321,NEXO-147-00321,Bancolombia cuenta ahorro,CTA-DEMO-011,5703311,Bancolombia,NO
MP-00322,NEXO-147-00322,Bancolombia cuenta ahorro,CTA-DEMO-929,0,Bancolombia,NO
MP-00323,NEXO-147-00323,Cripto billetera demo,CTA-DEMO-018,0,Cripto,NO
MP-00324,NEXO-147-00324,Sin cuenta reportada,CTA-DEMO-374,29714356,,NO
MP-00325,NEXO-147-00325,Giro nacional,CTA-DEMO-790,734687,Giro,NO
MP-00326,NEXO-147-00326,Bancolombia cuenta ahorro,CTA-DEMO-526,38166729,Bancolombia,NO
MP-00327,NEXO-147-00327,Sin cuenta reportada,CTA-DEMO-011,41873930,,NO
MP-00328,NEXO-147-00328,Cripto billetera demo,CTA-DEMO-016,8527497,Cripto,NO
MP-00329,NEXO-147-00329,Giro nacional,CTA-DEMO-009,3146630,Giro,SI
MP-00330,NEXO-147-00330,Cuenta corresponsal,CTA-DEMO-488,4834945,Cuenta,NO
MP-00331,NEXO-147-00331,Cuenta corresponsal,CTA-DEMO-014,0,Cuenta,NO
MP-00332,NEXO-147-00332,Nequi,CTA-DEMO-016,70666468,Nequi,NO
MP-00333,NEXO-147-00333,Cuenta corresponsal,CTA-DEMO-885,0,Cuenta,NO
MP-00334,NEXO-147-00334,Sin cuenta reportada,CTA-DEMO-360,220970,,NO
MP-00335,NEXO-147-00335,Nequi,CTA-DEMO-731,69991301,Nequi,NO
MP-00336,NEXO-147-00336,Cuenta corresponsal,CTA-DEMO-004,143442,Cuenta,SI
MP-00337,NEXO-147-00337,Bancolombia cuenta ahorro,CTA-DEMO-004,0,Bancolombia,SI
MP-00338,NEXO-147-00338,Giro nacional,CTA-DEMO-016,28866037,Giro,NO
MP-00339,NEXO-147-00339,Nequi,CTA-DEMO-268,48433093,Nequi,NO
MP-00340,NEXO-147-00340,Daviplata,CTA-DEMO-019,78155125,Daviplata,NO
MP-00341,NEXO-147-00341,Nequi,CTA-DEMO-012,8842540,Nequi,NO
MP-00342,NEXO-147-00342,Bancolombia cuenta ahorro,CTA-DEMO-609,5151408,Bancolombia,NO
MP-00343,NEXO-147-00343,Giro nacional,CTA-DEMO-003,22293560,Giro,SI
MP-00344,NEXO-147-00344,Sin cuenta reportada,CTA-DEMO-002,79111811,,SI
MP-00345,NEXO-147-00345,Nequi,CTA-DEMO-770,33141548,Nequi,NO
MP-00346,NEXO-147-00346,Bancolombia cuenta ahorro,CTA-DEMO-948,2353989,Bancolombia,NO
MP-00347,NEXO-147-00347,Cuenta corresponsal,CTA-DEMO-547,7116253,Cuenta,NO
MP-00348,NEXO-147-00348,Sin cuenta reportada,CTA-DEMO-011,0,,NO
MP-00349,NEXO-147-00349,Sin cuenta reportada,CTA-DEMO-243,15424399,,NO
MP-00350,NEXO-147-00350,Nequi,CTA-DEMO-392,68958102,Nequi,NO
MP-00351,NEXO-147-00351,Bancolombia cuenta ahorro,CTA-DEMO-209,2263466,Bancolombia,NO
MP-00352,NEXO-147-00352,Bancolombia cuenta ahorro,CTA-DEMO-019,53488563,Bancolombia,NO
MP-00353,NEXO-147-00353,Cripto billetera demo,CTA-DEMO-004,3068280,Cripto,SI
MP-00354,NEXO-147-00354,Giro nacional,CTA-DEMO-232,2634652,Giro,NO
MP-00355,NEXO-147-00355,Nequi,CTA-DEMO-018,3836042,Nequi,NO
MP-00356,NEXO-147-00356,Bancolombia cuenta ahorro,CTA-DEMO-169,0,Bancolombia,NO
MP-00357,NEXO-147-00357,Daviplata,CTA-DEMO-806,0,Daviplata,NO
MP-00358,NEXO-147-00358,Daviplata,CTA-DEMO-851,65786161,Daviplata,NO
MP-00359,NEXO-147-00359,Giro nacional,CTA-DEMO-896,771306,Giro,NO
MP-00360,NEXO-147-00360,Nequi,CTA-DEMO-163,79953261,Nequi,NO
MP-00361,NEXO-147-00361,Cuenta corresponsal,CTA-DEMO-561,15704833,Cuenta,NO
MP-00362,NEXO-147-00362,Bancolombia cuenta ahorro,CTA-DEMO-716,7830824,Bancolombia,NO
MP-00363,NEXO-147-00363,Daviplata,CTA-DEMO-014,0,Daviplata,NO
MP-00364,NEXO-147-00364,Nequi,CTA-DEMO-004,40413198,Nequi,SI
MP-00365,NEXO-147-00365,Cripto billetera demo,CTA-DEMO-015,21402772,Cripto,NO
MP-00366,NEXO-147-00366,Giro nacional,CTA-DEMO-016,139374,Giro,NO
MP-00367,NEXO-147-00367,Bancolombia cuenta ahorro,CTA-DEMO-006,59783787,Bancolombia,SI
MP-00368,NEXO-147-00368,Sin cuenta reportada,CTA-DEMO-446,30429165,,NO
MP-00369,NEXO-147-00369,Sin cuenta reportada,CTA-DEMO-174,52217537,,NO
MP-00370,NEXO-147-00370,Cuenta corresponsal,CTA-DEMO-785,2994033,Cuenta,NO
MP-00371,NEXO-147-00371,Cripto billetera demo,CTA-DEMO-009,7614728,Cripto,SI
MP-00372,NEXO-147-00372,Daviplata,CTA-DEMO-424,22289098,Daviplata,NO
MP-00373,NEXO-147-00373,Sin cuenta reportada,CTA-DEMO-014,8220413,,NO
MP-00374,NEXO-147-00374,Nequi,CTA-DEMO-020,3974982,Nequi,NO
MP-00375,NEXO-147-00375,Bancolombia cuenta ahorro,CTA-DEMO-233,60057707,Bancolombia,NO
MP-00376,NEXO-147-00376,Nequi,CTA-DEMO-016,55660024,Nequi,NO
MP-00377,NEXO-147-00377,Giro nacional,CTA-DEMO-016,584131,Giro,NO
MP-00378,NEXO-147-00378,Bancolombia cuenta ahorro,CTA-DEMO-154,2293093,Bancolombia,NO
MP-00379,NEXO-147-00379,Cuenta corresponsal,CTA-DEMO-201,0,Cuenta,NO
MP-00380,NEXO-147-00380,Sin cuenta reportada,CTA-DEMO-020,78458101,,NO
MP-00381,NEXO-147-00381,Sin cuenta reportada,CTA-DEMO-495,2586474,,NO
MP-00382,NEXO-147-00382,Sin cuenta reportada,CTA-DEMO-011,28594890,,NO
MP-00383,NEXO-147-00383,Cuenta corresponsal,CTA-DEMO-516,869125,Cuenta,NO
MP-00384,NEXO-147-00384,Daviplata,CTA-DEMO-185,0,Daviplata,NO
MP-00385,NEXO-147-00385,Daviplata,CTA-DEMO-692,7872997,Daviplata,NO
MP-00386,NEXO-147-00386,Giro nacional,CTA-DEMO-186,35908758,Giro,NO
MP-00387,NEXO-147-00387,Cripto billetera demo,CTA-DEMO-740,2473044,Cripto,NO
MP-00388,NEXO-147-00388,Cripto billetera demo,CTA-DEMO-015,0,Cripto,NO
MP-00389,NEXO-147-00389,Giro nacional,CTA-DEMO-469,16052136,Giro,NO
MP-00390,NEXO-147-00390,Giro nacional,CTA-DEMO-013,23942369,Giro,NO
MP-00391,NEXO-147-00391,Cripto billetera demo,CTA-DEMO-014,76366203,Cripto,NO
MP-00392,NEXO-147-00392,Sin cuenta reportada,CTA-DEMO-550,159655,,NO
MP-00393,NEXO-147-00393,Bancolombia cuenta ahorro,CTA-DEMO-657,57837548,Bancolombia,NO
MP-00394,NEXO-147-00394,Bancolombia cuenta ahorro,CTA-DEMO-016,145574,Bancolombia,NO
MP-00395,NEXO-147-00395,Sin cuenta reportada,CTA-DEMO-005,21042644,,SI
MP-00396,NEXO-147-00396,Cuenta corresponsal,CTA-DEMO-373,18636001,Cuenta,NO
MP-00397,NEXO-147-00397,Sin cuenta reportada,CTA-DEMO-226,700863,,NO
MP-00398,NEXO-147-00398,Sin cuenta reportada,CTA-DEMO-404,19276331,,NO
MP-00399,NEXO-147-00399,Cuenta corresponsal,CTA-DEMO-982,8083061,Cuenta,NO
MP-00400,NEXO-147-00400,Daviplata,CTA-DEMO-001,17278753,Daviplata,SI
MP-00401,NEXO-147-00401,Cuenta corresponsal,CTA-DEMO-006,57193450,Cuenta,SI
MP-00402,NEXO-147-00402,Sin cuenta reportada,CTA-DEMO-436,4704231,,NO
MP-00403,NEXO-147-00403,Daviplata,CTA-DEMO-861,0,Daviplata,NO
MP-00404,NEXO-147-00404,Nequi,CTA-DEMO-132,4774740,Nequi,NO
MP-00405,NEXO-147-00405,Daviplata,CTA-DEMO-680,17398087,Daviplata,NO
MP-00406,NEXO-147-00406,Nequi,CTA-DEMO-519,37459818,Nequi,NO
MP-00407,NEXO-147-00407,Bancolombia cuenta ahorro,CTA-DEMO-829,0,Bancolombia,NO
MP-00408,NEXO-147-00408,Nequi,CTA-DEMO-256,0,Nequi,NO
MP-00409,NEXO-147-00409,Bancolombia cuenta ahorro,CTA-DEMO-010,13582607,Bancolombia,SI
MP-00410,NEXO-147-00410,Bancolombia cuenta ahorro,CTA-DEMO-004,4186008,Bancolombia,SI
MP-00411,NEXO-147-00411,Cripto billetera demo,CTA-DEMO-515,0,Cripto,NO
MP-00412,NEXO-147-00412,Sin cuenta reportada,CTA-DEMO-005,5216365,,SI
MP-00413,NEXO-147-00413,Nequi,CTA-DEMO-797,12114048,Nequi,NO
MP-00414,NEXO-147-00414,Bancolombia cuenta ahorro,CTA-DEMO-706,4988207,Bancolombia,NO
MP-00415,NEXO-147-00415,Sin cuenta reportada,CTA-DEMO-783,15141401,,NO
MP-00416,NEXO-147-00416,Bancolombia cuenta ahorro,CTA-DEMO-012,600801,Bancolombia,NO
MP-00417,NEXO-147-00417,Sin cuenta reportada,CTA-DEMO-663,48018155,,NO
MP-00418,NEXO-147-00418,Bancolombia cuenta ahorro,CTA-DEMO-014,536086,Bancolombia,NO
MP-00419,NEXO-147-00419,Daviplata,CTA-DEMO-548,1259925,Daviplata,NO
MP-00420,NEXO-147-00420,Daviplata,CTA-DEMO-019,15258950,Daviplata,NO
MP-00421,NEXO-147-00421,Bancolombia cuenta ahorro,CTA-DEMO-008,0,Bancolombia,SI
MP-00422,NEXO-147-00422,Daviplata,CTA-DEMO-010,10829812,Daviplata,SI
MP-00423,NEXO-147-00423,Sin cuenta reportada,CTA-DEMO-819,0,,NO
MP-00424,NEXO-147-00424,Sin cuenta reportada,CTA-DEMO-007,0,,SI
MP-00425,NEXO-147-00425,Daviplata,CTA-DEMO-203,3663712,Daviplata,NO
MP-00426,NEXO-147-00426,Sin cuenta reportada,CTA-DEMO-011,36712163,,NO
MP-00427,NEXO-147-00427,Giro nacional,CTA-DEMO-444,42612819,Giro,NO
MP-00428,NEXO-147-00428,Cripto billetera demo,CTA-DEMO-139,0,Cripto,NO
MP-00429,NEXO-147-00429,Daviplata,CTA-DEMO-539,48859032,Daviplata,NO
MP-00430,NEXO-147-00430,Cuenta corresponsal,CTA-DEMO-008,0,Cuenta,SI
MP-00431,NEXO-147-00431,Cuenta corresponsal,CTA-DEMO-596,0,Cuenta,NO
MP-00432,NEXO-147-00432,Sin cuenta reportada,CTA-DEMO-388,40161134,,NO
MP-00433,NEXO-147-00433,Cripto billetera demo,CTA-DEMO-826,7746748,Cripto,NO
MP-00434,NEXO-147-00434,Daviplata,CTA-DEMO-009,1315902,Daviplata,SI
MP-00435,NEXO-147-00435,Sin cuenta reportada,CTA-DEMO-007,69911638,,SI
MP-00436,NEXO-147-00436,Cripto billetera demo,CTA-DEMO-014,31430579,Cripto,NO
MP-00437,NEXO-147-00437,Sin cuenta reportada,CTA-DEMO-705,1682499,,NO
MP-00438,NEXO-147-00438,Giro nacional,CTA-DEMO-292,486859,Giro,NO
MP-00439,NEXO-147-00439,Cuenta corresponsal,CTA-DEMO-005,75123069,Cuenta,SI
MP-00440,NEXO-147-00440,Bancolombia cuenta ahorro,CTA-DEMO-794,644952,Bancolombia,NO
MP-00441,NEXO-147-00441,Sin cuenta reportada,CTA-DEMO-516,13370832,,NO
MP-00442,NEXO-147-00442,Bancolombia cuenta ahorro,CTA-DEMO-280,1767555,Bancolombia,NO
MP-00443,NEXO-147-00443,Nequi,CTA-DEMO-013,649805,Nequi,NO
MP-00444,NEXO-147-00444,Giro nacional,CTA-DEMO-395,663785,Giro,NO
MP-00445,NEXO-147-00445,Cuenta corresponsal,CTA-DEMO-432,0,Cuenta,NO
MP-00446,NEXO-147-00446,Giro nacional,CTA-DEMO-866,373826,Giro,NO
MP-00447,NEXO-147-00447,Cuenta corresponsal,CTA-DEMO-019,77425082,Cuenta,NO
MP-00448,NEXO-147-00448,Sin cuenta reportada,CTA-DEMO-631,14198872,,NO
MP-00449,NEXO-147-00449,Cuenta corresponsal,CTA-DEMO-018,3799852,Cuenta,NO
MP-00450,NEXO-147-00450,Cripto billetera demo,CTA-DEMO-285,26874926,Cripto,NO
MP-00451,NEXO-147-00451,Nequi,CTA-DEMO-144,0,Nequi,NO
MP-00452,NEXO-147-00452,Sin cuenta reportada,CTA-DEMO-891,19908584,,NO
MP-00453,NEXO-147-00453,Nequi,CTA-DEMO-881,3192776,Nequi,NO
MP-00454,NEXO-147-00454,Giro nacional,CTA-DEMO-010,50997196,Giro,SI
MP-00455,NEXO-147-00455,Cripto billetera demo,CTA-DEMO-012,829964,Cripto,NO
MP-00456,NEXO-147-00456,Giro nacional,CTA-DEMO-018,546618,Giro,NO
MP-00457,NEXO-147-00457,Giro nacional,CTA-DEMO-499,240028,Giro,NO
MP-00458,NEXO-147-00458,Daviplata,CTA-DEMO-014,11748908,Daviplata,NO
MP-00459,NEXO-147-00459,Cuenta corresponsal,CTA-DEMO-547,32564162,Cuenta,NO
MP-00460,NEXO-147-00460,Daviplata,CTA-DEMO-019,44153372,Daviplata,NO
MP-00461,NEXO-147-00461,Daviplata,CTA-DEMO-198,3602402,Daviplata,NO
MP-00462,NEXO-147-00462,Cripto billetera demo,CTA-DEMO-262,55859916,Cripto,NO
MP-00463,NEXO-147-00463,Sin cuenta reportada,CTA-DEMO-633,2767383,,NO
MP-00464,NEXO-147-00464,Cripto billetera demo,CTA-DEMO-542,5104556,Cripto,NO
MP-00465,NEXO-147-00465,Daviplata,CTA-DEMO-810,15999073,Daviplata,NO
MP-00466,NEXO-147-00466,Daviplata,CTA-DEMO-197,0,Daviplata,NO
MP-00467,NEXO-147-00467,Daviplata,CTA-DEMO-927,58953105,Daviplata,NO
MP-00468,NEXO-147-00468,Sin cuenta reportada,CTA-DEMO-149,4772430,,NO
MP-00469,NEXO-147-00469,Bancolombia cuenta ahorro,CTA-DEMO-229,74270212,Bancolombia,NO
MP-00470,NEXO-147-00470,Sin cuenta reportada,CTA-DEMO-019,18629585,,NO
MP-00471,NEXO-147-00471,Sin cuenta reportada,CTA-DEMO-769,581673,,NO
MP-00472,NEXO-147-00472,Sin cuenta reportada,CTA-DEMO-005,519153,,SI
MP-00473,NEXO-147-00473,Nequi,CTA-DEMO-168,5128390,Nequi,NO
MP-00474,NEXO-147-00474,Daviplata,CTA-DEMO-018,43045589,Daviplata,NO
MP-00475,NEXO-147-00475,Sin cuenta reportada,CTA-DEMO-012,76880297,,NO
MP-00476,NEXO-147-00476,Cripto billetera demo,CTA-DEMO-170,55555653,Cripto,NO
MP-00477,NEXO-147-00477,Bancolombia cuenta ahorro,CTA-DEMO-954,0,Bancolombia,NO
MP-00478,NEXO-147-00478,Cripto billetera demo,CTA-DEMO-012,5411583,Cripto,NO
MP-00479,NEXO-147-00479,Giro nacional,CTA-DEMO-543,2753901,Giro,NO
MP-00480,NEXO-147-00480,Cuenta corresponsal,CTA-DEMO-736,18086263,Cuenta,NO
MP-00481,NEXO-147-00481,Cuenta corresponsal,CTA-DEMO-018,402926,Cuenta,NO
MP-00482,NEXO-147-00482,Cuenta corresponsal,CTA-DEMO-131,57757057,Cuenta,NO
MP-00483,NEXO-147-00483,Nequi,CTA-DEMO-963,54501842,Nequi,NO
MP-00484,NEXO-147-00484,Bancolombia cuenta ahorro,CTA-DEMO-629,52057108,Bancolombia,NO
MP-00485,NEXO-147-00485,Bancolombia cuenta ahorro,CTA-DEMO-257,6015106,Bancolombia,NO
MP-00486,NEXO-147-00486,Giro nacional,CTA-DEMO-020,25174083,Giro,NO
MP-00487,NEXO-147-00487,Nequi,CTA-DEMO-008,754063,Nequi,SI
MP-00488,NEXO-147-00488,Cuenta corresponsal,CTA-DEMO-685,17667841,Cuenta,NO
MP-00489,NEXO-147-00489,Bancolombia cuenta ahorro,CTA-DEMO-008,0,Bancolombia,SI
MP-00490,NEXO-147-00490,Sin cuenta reportada,CTA-DEMO-347,4412448,,NO
MP-00491,NEXO-147-00491,Giro nacional,CTA-DEMO-878,10810425,Giro,NO
MP-00492,NEXO-147-00492,Nequi,CTA-DEMO-630,8083143,Nequi,NO
MP-00493,NEXO-147-00493,Cuenta corresponsal,CTA-DEMO-997,290289,Cuenta,NO
MP-00494,NEXO-147-00494,Cuenta corresponsal,CTA-DEMO-320,4986717,Cuenta,NO
MP-00495,NEXO-147-00495,Nequi,CTA-DEMO-497,45618486,Nequi,NO
MP-00496,NEXO-147-00496,Cripto billetera demo,CTA-DEMO-001,78454957,Cripto,SI
MP-00497,NEXO-147-00497,Sin cuenta reportada,CTA-DEMO-193,299862,,NO
MP-00498,NEXO-147-00498,Daviplata,CTA-DEMO-018,0,Daviplata,NO
MP-00499,NEXO-147-00499,Daviplata,CTA-DEMO-010,73477473,Daviplata,SI
MP-00500,NEXO-147-00500,Sin cuenta reportada,CTA-DEMO-710,5254907,,NO
