id_reportante,id_reporte,nombre_completo,identificacion,telefono,tipo_contacto,autorizacion_contacto,dato_sintetico
REP-00001,NEXO-147-00001,Felipe Rodríguez Salazar,DEMO-CC-78506261,3886209959,Denunciante,NO,SI
REP-00002,NEXO-147-00002,Santiago López Mejía,DEMO-CC-44426152,3339300307,Denunciante,NO,SI
REP-00003,NEXO-147-00003,Felipe Mejía Pardo,DEMO-CC-64656534,3621274945,Tercero informado,SI,SI
REP-00004,NEXO-147-00004,Mariana Vargas Torres,DEMO-CC-32632890,3518962849,Tercero informado,NO,SI
REP-00005,NEXO-147-00005,Luisa Rojas Moreno,DEMO-CC-67409967,3561863687,Tercero informado,NO,SI
REP-00006,NEXO-147-00006,Julián Molina Torres,DEMO-CC-38930025,3055637858,Denunciante,SI,SI
REP-00007,NEXO-147-00007,Natalia Martínez Martínez,DEMO-CC-85003618,3861572269,Tercero informado,SI,SI
REP-00008,NEXO-147-00008,Carolina Herrera López,DEMO-CC-62747591,3251254228,Familiar,SI,SI
REP-00009,NEXO-147-00009,Santiago Ortega Acosta,DEMO-CC-11295849,3093345966,Tercero informado,NO,SI
REP-00010,NEXO-147-00010,Laura Peña Moreno,DEMO-CC-16094623,3214292763,Familiar,NO,SI
REP-00011,NEXO-147-00011,Santiago Moreno Ramírez,DEMO-CC-98146273,3043177433,Familiar,NO,SI
REP-00012,NEXO-147-00012,Mariana Salazar Torres,DEMO-CC-53243963,3171727070,Víctima directa,SI,SI
REP-00013,NEXO-147-00013,Valentina Rodríguez Rojas,DEMO-CC-45592261,3027347875,Víctima directa,NO,SI
REP-00014,NEXO-147-00014,Miguel Gómez Salazar,DEMO-CC-95929948,3595130055,Denunciante,NO,SI
REP-00015,NEXO-147-00015,Paula Acosta Moreno,DEMO-CC-87353031,3448418326,Denunciante,SI,SI
REP-00016,NEXO-147-00016,Mariana Cárdenas Acosta,DEMO-CC-93417029,3841741844,Tercero informado,SI,SI
REP-00017,NEXO-147-00017,Daniel López Moreno,DEMO-CC-26879979,3978217899,Familiar,SI,SI
REP-00018,NEXO-147-00018,Luisa Mejía Martínez,DEMO-CC-83153162,3949145289,Víctima directa,SI,SI
REP-00019,NEXO-147-00019,Felipe Salazar Molina,DEMO-CC-97331892,3483282511,Familiar,SI,SI
REP-00020,NEXO-147-00020,Julián Molina Suárez,DEMO-CC-55443260,3407002117,Tercero informado,NO,SI
REP-00021,NEXO-147-00021,Carolina Rodríguez Mejía,DEMO-CC-71058823,3068012091,Tercero informado,NO,SI
REP-00022,NEXO-147-00022,Juan Castro Acosta,DEMO-CC-54346820,3778100076,Familiar,NO,SI
REP-00023,NEXO-147-00023,Julián Mejía Gómez,DEMO-CC-92897945,3174469246,Tercero informado,SI,SI
REP-00024,NEXO-147-00024,Mateo Salazar Mejía,DEMO-CC-73783654,3335032919,Familiar,SI,SI
REP-00025,NEXO-147-00025,Valentina Salazar Herrera,DEMO-CC-16097009,3429408726,Víctima directa,NO,SI
REP-00026,NEXO-147-00026,Juan Rodríguez Moreno,DEMO-CC-94464894,3681208260,Víctima directa,NO,SI
REP-00027,NEXO-147-00027,Andrea Molina Rojas,DEMO-CC-32666629,3769442900,Tercero informado,NO,SI
REP-00028,NEXO-147-00028,Daniel Acosta Rojas,DEMO-CC-89922302,3685184370,Familiar,SI,SI
REP-00029,NEXO-147-00029,Carlos Acosta Torres,DEMO-CC-49050917,3552652341,Víctima directa,NO,SI
REP-00030,NEXO-147-00030,Carolina Ramírez Castro,DEMO-CC-20678872,3859865725,Denunciante,SI,SI
REP-00031,NEXO-147-00031,Sebastián Herrera Moreno,DEMO-CC-80787495,3083203130,Denunciante,SI,SI
REP-00032,NEXO-147-00032,Luisa Moreno Ortega,DEMO-CC-11440942,3263510852,Denunciante,SI,SI
REP-00033,NEXO-147-00033,Santiago Ortega Ortega,DEMO-CC-22655615,3378310773,Familiar,NO,SI
REP-00034,NEXO-147-00034,Julián Ramírez Mejía,DEMO-CC-65931598,3682763079,Familiar,SI,SI
REP-00035,NEXO-147-00035,Daniel Ramírez Ortega,DEMO-CC-64996198,3542051306,Tercero informado,NO,SI
REP-00036,NEXO-147-00036,Valentina Peña Herrera,DEMO-CC-61667698,3228283549,Tercero informado,NO,SI
REP-00037,NEXO-147-00037,Valentina Mejía Cárdenas,DEMO-CC-36758935,3808508419,Víctima directa,NO,SI
REP-00038,NEXO-147-00038,Mariana Moreno Pardo,DEMO-CC-76686465,3017158340,Denunciante,NO,SI
REP-00039,NEXO-147-00039,Laura Mejía Acosta,DEMO-CC-18134782,3771745211,Denunciante,SI,SI
REP-00040,NEXO-147-00040,Santiago Herrera Cárdenas,DEMO-CC-22148676,3118006915,Víctima directa,SI,SI
REP-00041,NEXO-147-00041,Santiago Suárez Cárdenas,DEMO-CC-73834858,3495750312,Tercero informado,SI,SI
REP-00042,NEXO-147-00042,Felipe Acosta Molina,DEMO-CC-56982789,3716244160,Denunciante,NO,SI
REP-00043,NEXO-147-00043,Laura Rojas Rojas,DEMO-CC-35769617,3261169249,Denunciante,SI,SI
REP-00044,NEXO-147-00044,Felipe Peña Suárez,DEMO-CC-78633895,3015413086,Tercero informado,NO,SI
REP-00045,NEXO-147-00045,Daniel Ortega Ortega,DEMO-CC-93475103,3794875228,Familiar,NO,SI
REP-00046,NEXO-147-00046,Juan López Pardo,DEMO-CC-96893941,3915623923,Víctima directa,NO,SI
REP-00047,NEXO-147-00047,Diana Cárdenas Rojas,DEMO-CC-49797717,3199108766,Familiar,NO,SI
REP-00048,NEXO-147-00048,Carolina Moreno Rojas,DEMO-CC-79463722,3615602401,Tercero informado,NO,SI
REP-00049,NEXO-147-00049,Juan Salazar Martínez,DEMO-CC-85666619,3615437867,Víctima directa,SI,SI
REP-00050,NEXO-147-00050,Camila Salazar Rodríguez,DEMO-CC-35456710,3508736204,Familiar,SI,SI
REP-00051,NEXO-147-00051,Carolina Rodríguez Martínez,DEMO-CC-52003604,3674251532,Tercero informado,SI,SI
REP-00052,NEXO-147-00052,Sebastián Rojas Vargas,DEMO-CC-97701656,3556247826,Tercero informado,NO,SI
REP-00053,NEXO-147-00053,Miguel Rojas Acosta,DEMO-CC-84791822,3874745118,Familiar,SI,SI
REP-00054,NEXO-147-00054,Carolina Ortega Peña,DEMO-CC-23272189,3726666332,Denunciante,SI,SI
REP-00055,NEXO-147-00055,Valentina Gómez Suárez,DEMO-CC-15798172,3113316010,Víctima directa,SI,SI
REP-00056,NEXO-147-00056,Laura Ramírez Herrera,DEMO-CC-12299230,3805596550,Familiar,NO,SI
REP-00057,NEXO-147-00057,Andrés Ortega Salazar,DEMO-CC-32126647,3289644539,Tercero informado,SI,SI
REP-00058,NEXO-147-00058,Andrés Moreno Acosta,DEMO-CC-36265549,3209219112,Víctima directa,SI,SI
REP-00059,NEXO-147-00059,Andrés Cárdenas Suárez,DEMO-CC-39563761,3625132612,Familiar,NO,SI
REP-00060,NEXO-147-00060,Juan Gómez Rodríguez,DEMO-CC-22956215,3332835374,Denunciante,NO,SI
REP-00061,NEXO-147-00061,Daniel Ramírez Acosta,DEMO-CC-32130369,3176527188,Familiar,NO,SI
REP-00062,NEXO-147-00062,Laura Castro López,DEMO-CC-67629483,3308386837,Víctima directa,SI,SI
REP-00063,NEXO-147-00063,Felipe Ramírez Peña,DEMO-CC-13961392,3027992459,Familiar,NO,SI
REP-00064,NEXO-147-00064,Carolina Rojas Ortega,DEMO-CC-93110071,3806841624,Tercero informado,SI,SI
REP-00065,NEXO-147-00065,Laura Mejía Herrera,DEMO-CC-25525686,3671821920,Denunciante,NO,SI
REP-00066,NEXO-147-00066,Natalia López Herrera,DEMO-CC-19668450,3942034106,Tercero informado,NO,SI
REP-00067,NEXO-147-00067,Juan Martínez Castro,DEMO-CC-19531411,3802545518,Tercero informado,SI,SI
REP-00068,NEXO-147-00068,Felipe Acosta Rodríguez,DEMO-CC-58263050,3789735580,Víctima directa,NO,SI
REP-00069,NEXO-147-00069,Andrea Mejía Cárdenas,DEMO-CC-74196900,3141218911,Familiar,NO,SI
REP-00070,NEXO-147-00070,Santiago Ramírez López,DEMO-CC-67598202,3593253895,Familiar,NO,SI
REP-00071,NEXO-147-00071,Mariana Torres Salazar,DEMO-CC-60893273,3864608394,Denunciante,NO,SI
REP-00072,NEXO-147-00072,Luisa Vargas Pardo,DEMO-CC-29373020,3339838538,Tercero informado,NO,SI
REP-00073,NEXO-147-00073,Diana López Castro,DEMO-CC-38210685,3079716998,Denunciante,NO,SI
REP-00074,NEXO-147-00074,Andrés Mejía Peña,DEMO-CC-68683029,3874987443,Tercero informado,NO,SI
REP-00075,NEXO-147-00075,Carlos Salazar Gómez,DEMO-CC-72515231,3229509993,Familiar,NO,SI
REP-00076,NEXO-147-00076,Diana Ramírez Mejía,DEMO-CC-96974268,3762535810,Tercero informado,SI,SI
REP-00077,NEXO-147-00077,Carlos Herrera Acosta,DEMO-CC-72882501,3418866098,Víctima directa,SI,SI
REP-00078,NEXO-147-00078,Mariana Peña Pardo,DEMO-CC-71653043,3617384988,Denunciante,NO,SI
REP-00079,NEXO-147-00079,Felipe Gómez Rodríguez,DEMO-CC-61038336,3454281634,Víctima directa,NO,SI
REP-00080,NEXO-147-00080,Valentina Salazar Suárez,DEMO-CC-20351455,3893119926,Tercero informado,SI,SI
REP-00081,NEXO-147-00081,Carolina Castro Rodríguez,DEMO-CC-77298471,3962162578,Víctima directa,NO,SI
REP-00082,NEXO-147-00082,Mariana Martínez Cárdenas,DEMO-CC-75429871,3627579930,Denunciante,NO,SI
REP-00083,NEXO-147-00083,Diana Acosta Mejía,DEMO-CC-32291327,3754204468,Tercero informado,SI,SI
REP-00084,NEXO-147-00084,Valentina Acosta Ortega,DEMO-CC-46780663,3725191110,Denunciante,SI,SI
REP-00085,NEXO-147-00085,Sebastián Molina Vargas,DEMO-CC-21891416,3328356000,Familiar,NO,SI
REP-00086,NEXO-147-00086,Camila Rodríguez Vargas,DEMO-CC-38482864,3582363861,Tercero informado,SI,SI
REP-00087,NEXO-147-00087,Laura Moreno Suárez,DEMO-CC-51629819,3255057144,Denunciante,NO,SI
REP-00088,NEXO-147-00088,Carlos Rodríguez Gómez,DEMO-CC-12441605,3739002226,Tercero informado,NO,SI
REP-00089,NEXO-147-00089,Mariana Suárez Mejía,DEMO-CC-93454225,3957744192,Víctima directa,NO,SI
REP-00090,NEXO-147-00090,Sebastián Vargas Gómez,DEMO-CC-76779945,3072945334,Tercero informado,SI,SI
REP-00091,NEXO-147-00091,Santiago Peña Salazar,DEMO-CC-72079261,3333540681,Denunciante,SI,SI
REP-00092,NEXO-147-00092,Sebastián Molina Peña,DEMO-CC-24129935,3736761295,Denunciante,SI,SI
REP-00093,NEXO-147-00093,Santiago Martínez Gómez,DEMO-CC-84793941,3316557208,Víctima directa,NO,SI
REP-00094,NEXO-147-00094,Felipe Acosta López,DEMO-CC-19043318,3833326981,Víctima directa,SI,SI
REP-00095,NEXO-147-00095,Laura Vargas Vargas,DEMO-CC-48465490,3391547500,Familiar,SI,SI
REP-00096,NEXO-147-00096,Laura Rojas Martínez,DEMO-CC-28797750,3178476281,Víctima directa,NO,SI
REP-00097,NEXO-147-00097,Laura Ramírez Rodríguez,DEMO-CC-69072239,3597011615,Tercero informado,SI,SI
REP-00098,NEXO-147-00098,Miguel Molina Mejía,DEMO-CC-14807754,3287132061,Tercero informado,SI,SI
REP-00099,NEXO-147-00099,Andrés Ramírez Salazar,DEMO-CC-26244485,3663867406,Víctima directa,SI,SI
REP-00100,NEXO-147-00100,Mariana Peña Vargas,DEMO-CC-93199473,3792296719,Víctima directa,NO,SI
REP-00101,NEXO-147-00101,Felipe Mejía Torres,DEMO-CC-72914686,3547207379,Denunciante,SI,SI
REP-00102,NEXO-147-00102,Valentina Peña Torres,DEMO-CC-71328684,3762762043,Denunciante,NO,SI
REP-00103,NEXO-147-00103,Natalia Moreno Mejía,DEMO-CC-98590602,3703715607,Familiar,NO,SI
REP-00104,NEXO-147-00104,Sebastián Castro Acosta,DEMO-CC-88511341,3595651312,Tercero informado,SI,SI
REP-00105,NEXO-147-00105,Andrés Mejía Salazar,DEMO-CC-71048709,3935310439,Denunciante,SI,SI
REP-00106,NEXO-147-00106,Natalia Herrera Molina,DEMO-CC-31095135,3607662119,Denunciante,NO,SI
REP-00107,NEXO-147-00107,Paula Ortega Mejía,DEMO-CC-45737205,3081104656,Víctima directa,SI,SI
REP-00108,NEXO-147-00108,Laura Cárdenas Castro,DEMO-CC-95766077,3533491017,Denunciante,SI,SI
REP-00109,NEXO-147-00109,Andrés Castro Ortega,DEMO-CC-99179040,3688033309,Familiar,SI,SI
REP-00110,NEXO-147-00110,Carlos Mejía López,DEMO-CC-56721245,3416271027,Víctima directa,SI,SI
REP-00111,NEXO-147-00111,Felipe Peña Rojas,DEMO-CC-95314289,3519714072,Denunciante,NO,SI
REP-00112,NEXO-147-00112,Mateo Molina Moreno,DEMO-CC-55889352,3793241478,Tercero informado,NO,SI
REP-00113,NEXO-147-00113,Luisa Pardo Ortega,DEMO-CC-62572553,3452289488,Familiar,SI,SI
REP-00114,NEXO-147-00114,Mariana Gómez Torres,DEMO-CC-23395121,3961557885,Familiar,NO,SI
REP-00115,NEXO-147-00115,Mariana Cárdenas López,DEMO-CC-96444796,3819402636,Familiar,SI,SI
REP-00116,NEXO-147-00116,Paula Castro Torres,DEMO-CC-47376513,3981064836,Familiar,SI,SI
REP-00117,NEXO-147-00117,Julián Ramírez Gómez,DEMO-CC-38175012,3859019969,Tercero informado,NO,SI
REP-00118,NEXO-147-00118,Sebastián Herrera Cárdenas,DEMO-CC-91605793,3582096418,Denunciante,SI,SI
REP-00119,NEXO-147-00119,Natalia Peña Martínez,DEMO-CC-50991406,3209720531,Víctima directa,NO,SI
REP-00120,NEXO-147-00120,Felipe Molina López,DEMO-CC-10311525,3048194614,Tercero informado,SI,SI
REP-00121,NEXO-147-00121,Paula Peña Torres,DEMO-CC-12171662,3675964749,Tercero informado,SI,SI
REP-00122,NEXO-147-00122,Mateo Torres Moreno,DEMO-CC-97750383,3494615353,Víctima directa,SI,SI
REP-00123,NEXO-147-00123,Valentina Molina Peña,DEMO-CC-64814285,3492917573,Víctima directa,SI,SI
REP-00124,NEXO-147-00124,Valentina Rodríguez Peña,DEMO-CC-45354274,3486553181,Tercero informado,NO,SI
REP-00125,NEXO-147-00125,Mariana Cárdenas Rodríguez,DEMO-CC-61314558,3455233541,Tercero informado,SI,SI
REP-00126,NEXO-147-00126,Julián Moreno Cárdenas,DEMO-CC-60504987,3468976674,Víctima directa,SI,SI
REP-00127,NEXO-147-00127,Santiago Suárez Molina,DEMO-CC-31057936,3386142951,Víctima directa,NO,SI
REP-00128,NEXO-147-00128,Carolina Ramírez Gómez,DEMO-CC-17313196,3182870091,Familiar,SI,SI
REP-00129,NEXO-147-00129,Diana López Ortega,DEMO-CC-75595788,3824348129,Tercero informado,NO,SI
REP-00130,NEXO-147-00130,Andrés Castro Gómez,DEMO-CC-42119035,3335406276,Familiar,SI,SI
REP-00131,NEXO-147-00131,Camila Acosta Rodríguez,DEMO-CC-30873876,3915564241,Víctima directa,SI,SI
REP-00132,NEXO-147-00132,Luisa Pardo Pardo,DEMO-CC-99549599,3304369608,Tercero informado,NO,SI
REP-00133,NEXO-147-00133,Laura Vargas Rodríguez,DEMO-CC-71024590,3724989808,Denunciante,SI,SI
REP-00134,NEXO-147-00134,Diana Herrera Suárez,DEMO-CC-61620702,3904477174,Denunciante,NO,SI
REP-00135,NEXO-147-00135,Andrea Ortega Ortega,DEMO-CC-20170237,3235570248,Denunciante,NO,SI
REP-00136,NEXO-147-00136,Felipe Gómez Salazar,DEMO-CC-36907526,3908839279,Familiar,NO,SI
REP-00137,NEXO-147-00137,Natalia Castro Martínez,DEMO-CC-56507325,3824448629,Tercero informado,SI,SI
REP-00138,NEXO-147-00138,Sebastián Cárdenas Torres,DEMO-CC-86804056,3258509822,Denunciante,SI,SI
REP-00139,NEXO-147-00139,Mariana Castro Vargas,DEMO-CC-32132067,3343092265,Denunciante,SI,SI
REP-00140,NEXO-147-00140,Andrés Martínez López,DEMO-CC-78124307,3827968423,Familiar,SI,SI
REP-00141,NEXO-147-00141,Carlos Ramírez Salazar,DEMO-CC-25547260,3937092940,Denunciante,SI,SI
REP-00142,NEXO-147-00142,Andrés Castro Gómez,DEMO-CC-86327573,3228544124,Denunciante,NO,SI
REP-00143,NEXO-147-00143,Julián Mejía Cárdenas,DEMO-CC-33080056,3741008664,Denunciante,NO,SI
REP-00144,NEXO-147-00144,Valentina Herrera López,DEMO-CC-44347616,3042869654,Víctima directa,SI,SI
REP-00145,NEXO-147-00145,Mariana Peña Gómez,DEMO-CC-74232747,3239202464,Tercero informado,SI,SI
REP-00146,NEXO-147-00146,Miguel Salazar Acosta,DEMO-CC-35939763,3455373402,Víctima directa,SI,SI
REP-00147,NEXO-147-00147,Natalia Torres Suárez,DEMO-CC-55529208,3945089485,Víctima directa,SI,SI
REP-00148,NEXO-147-00148,Andrés Ramírez Moreno,DEMO-CC-74062251,3335654770,Tercero informado,SI,SI
REP-00149,NEXO-147-00149,Julián Rodríguez Pardo,DEMO-CC-96640480,3902185385,Familiar,NO,SI
REP-00150,NEXO-147-00150,Laura Ortega Torres,DEMO-CC-46393522,3024625802,Tercero informado,NO,SI
REP-00151,NEXO-147-00151,Andrés Herrera Gómez,DEMO-CC-11355095,3365937450,Víctima directa,NO,SI
REP-00152,NEXO-147-00152,Valentina Gómez Peña,DEMO-CC-58413250,3895823315,Víctima directa,SI,SI
REP-00153,NEXO-147-00153,Andrea Vargas Ortega,DEMO-CC-25668176,3714068982,Denunciante,NO,SI
REP-00154,NEXO-147-00154,Paula Torres Cárdenas,DEMO-CC-61856322,3503144820,Denunciante,NO,SI
REP-00155,NEXO-147-00155,Luisa Rojas Martínez,DEMO-CC-84915631,3138707327,Familiar,NO,SI
REP-00156,NEXO-147-00156,Sebastián Ortega Herrera,DEMO-CC-71158971,3638720440,Tercero informado,SI,SI
REP-00157,NEXO-147-00157,Andrea Moreno López,DEMO-CC-80642273,3713657514,Tercero informado,SI,SI
REP-00158,NEXO-147-00158,Camila López Ramírez,DEMO-CC-10098950,3229822168,Denunciante,NO,SI
REP-00159,NEXO-147-00159,Camila Torres Peña,DEMO-CC-33419434,3199753574,Víctima directa,NO,SI
REP-00160,NEXO-147-00160,Mateo Salazar Suárez,DEMO-CC-69534589,3747697007,Denunciante,SI,SI
REP-00161,NEXO-147-00161,Andrés Suárez Rodríguez,DEMO-CC-55349054,3055746908,Denunciante,SI,SI
REP-00162,NEXO-147-00162,Carolina Acosta Vargas,DEMO-CC-52627215,3233907785,Víctima directa,NO,SI
REP-00163,NEXO-147-00163,Luisa Gómez Rojas,DEMO-CC-32237857,3161755840,Víctima directa,NO,SI
REP-00164,NEXO-147-00164,Sebastián Acosta Rodríguez,DEMO-CC-12729062,3554314890,Familiar,NO,SI
REP-00165,NEXO-147-00165,Miguel Mejía Gómez,DEMO-CC-33469795,3682269971,Familiar,SI,SI
REP-00166,NEXO-147-00166,Camila Cárdenas Acosta,DEMO-CC-83687959,3761866650,Tercero informado,SI,SI
REP-00167,NEXO-147-00167,Andrea Ortega Torres,DEMO-CC-76680292,3353920385,Víctima directa,NO,SI
REP-00168,NEXO-147-00168,Daniel Castro Suárez,DEMO-CC-32882496,3289932774,Denunciante,NO,SI
REP-00169,NEXO-147-00169,Juan Torres Acosta,DEMO-CC-56871443,3862967201,Denunciante,NO,SI
REP-00170,NEXO-147-00170,Carlos Cárdenas Molina,DEMO-CC-27595189,3351450813,Víctima directa,NO,SI
REP-00171,NEXO-147-00171,Natalia Molina Cárdenas,DEMO-CC-45822971,3585754733,Tercero informado,SI,SI
REP-00172,NEXO-147-00172,Sebastián Pardo Martínez,DEMO-CC-42937567,3192515973,Denunciante,SI,SI
REP-00173,NEXO-147-00173,Diana Martínez Molina,DEMO-CC-51874608,3071818915,Denunciante,SI,SI
REP-00174,NEXO-147-00174,Natalia Herrera Torres,DEMO-CC-59075865,3547249437,Denunciante,NO,SI
REP-00175,NEXO-147-00175,Laura Molina Torres,DEMO-CC-75711703,3733580115,Víctima directa,NO,SI
REP-00176,NEXO-147-00176,Julián Vargas Ramírez,DEMO-CC-88964773,3049214946,Familiar,NO,SI
REP-00177,NEXO-147-00177,Miguel Vargas Ortega,DEMO-CC-71681505,3626417056,Familiar,NO,SI
REP-00178,NEXO-147-00178,Luisa Rodríguez Pardo,DEMO-CC-70478198,3139570459,Familiar,NO,SI
REP-00179,NEXO-147-00179,Santiago Gómez Suárez,DEMO-CC-55932511,3859579803,Familiar,NO,SI
REP-00180,NEXO-147-00180,Julián Vargas Acosta,DEMO-CC-56527525,3754265821,Víctima directa,SI,SI
REP-00181,NEXO-147-00181,Mateo Rojas Gómez,DEMO-CC-15263199,3753916272,Denunciante,NO,SI
REP-00182,NEXO-147-00182,Camila Gómez Suárez,DEMO-CC-68758634,3109621461,Víctima directa,SI,SI
REP-00183,NEXO-147-00183,Camila Molina Gómez,DEMO-CC-23242456,3906589728,Denunciante,NO,SI
REP-00184,NEXO-147-00184,Luisa Castro Moreno,DEMO-CC-33830146,3442041420,Víctima directa,NO,SI
REP-00185,NEXO-147-00185,Camila Rodríguez Suárez,DEMO-CC-20517877,3704207191,Tercero informado,SI,SI
REP-00186,NEXO-147-00186,Paula Cárdenas Gómez,DEMO-CC-47012710,3457569552,Tercero informado,SI,SI
REP-00187,NEXO-147-00187,Carolina Gómez Pardo,DEMO-CC-19520486,3855385589,Denunciante,NO,SI
REP-00188,NEXO-147-00188,Diana Moreno Molina,DEMO-CC-98008734,3304717478,Denunciante,SI,SI
REP-00189,NEXO-147-00189,Paula Gómez Herrera,DEMO-CC-83480176,3861673482,Víctima directa,SI,SI
REP-00190,NEXO-147-00190,Sebastián Ortega Ortega,DEMO-CC-14494709,3444684790,Tercero informado,SI,SI
REP-00191,NEXO-147-00191,Laura López Vargas,DEMO-CC-40499363,3393777993,Tercero informado,NO,SI
REP-00192,NEXO-147-00192,Julián Torres Peña,DEMO-CC-90664239,3328113021,Denunciante,NO,SI
REP-00193,NEXO-147-00193,Miguel Martínez Pardo,DEMO-CC-11266060,3612269818,Familiar,SI,SI
REP-00194,NEXO-147-00194,Laura Pardo Herrera,DEMO-CC-49096341,3559137835,Tercero informado,SI,SI
REP-00195,NEXO-147-00195,Felipe Peña Cárdenas,DEMO-CC-96637767,3518969756,Familiar,NO,SI
REP-00196,NEXO-147-00196,Julián Ramírez Suárez,DEMO-CC-17080112,3197217371,Denunciante,SI,SI
REP-00197,NEXO-147-00197,Juan Herrera Suárez,DEMO-CC-35409562,3826172523,Víctima directa,SI,SI
REP-00198,NEXO-147-00198,Juan Vargas Ramírez,DEMO-CC-95300148,3403739040,Víctima directa,NO,SI
REP-00199,NEXO-147-00199,Santiago Rodríguez Rodríguez,DEMO-CC-13013711,3309383074,Víctima directa,NO,SI
REP-00200,NEXO-147-00200,Julián Gómez Pardo,DEMO-CC-74876790,3366708058,Denunciante,NO,SI
REP-00201,NEXO-147-00201,Andrea Torres Ramírez,DEMO-CC-33415006,3056983990,Víctima directa,NO,SI
REP-00202,NEXO-147-00202,Diana Herrera Peña,DEMO-CC-13520840,3221242907,Víctima directa,NO,SI
REP-00203,NEXO-147-00203,Natalia Cárdenas Cárdenas,DEMO-CC-34088672,3409142614,Denunciante,SI,SI
REP-00204,NEXO-147-00204,Carlos Salazar Cárdenas,DEMO-CC-99748965,3126905851,Víctima directa,NO,SI
REP-00205,NEXO-147-00205,Juan Vargas Moreno,DEMO-CC-86521124,3073800798,Tercero informado,NO,SI
REP-00206,NEXO-147-00206,Sebastián Peña Ramírez,DEMO-CC-69516823,3383095915,Familiar,SI,SI
REP-00207,NEXO-147-00207,Carlos Cárdenas Vargas,DEMO-CC-79208423,3199088260,Familiar,NO,SI
REP-00208,NEXO-147-00208,Sebastián Ramírez Rodríguez,DEMO-CC-71769818,3038607843,Víctima directa,SI,SI
REP-00209,NEXO-147-00209,Mateo Torres Vargas,DEMO-CC-87996037,3969670228,Denunciante,NO,SI
REP-00210,NEXO-147-00210,Valentina Vargas Rodríguez,DEMO-CC-97716377,3235610410,Tercero informado,SI,SI
REP-00211,NEXO-147-00211,Carolina Ortega Vargas,DEMO-CC-21650230,3082263502,Víctima directa,SI,SI
REP-00212,NEXO-147-00212,Mariana Torres Castro,DEMO-CC-66447352,3153059326,Víctima directa,NO,SI
REP-00213,NEXO-147-00213,Carlos Peña López,DEMO-CC-13900996,3607624064,Tercero informado,SI,SI
REP-00214,NEXO-147-00214,Luisa Peña Gómez,DEMO-CC-25391590,3006007382,Familiar,SI,SI
REP-00215,NEXO-147-00215,Daniel Suárez Gómez,DEMO-CC-90618934,3073250588,Víctima directa,SI,SI
REP-00216,NEXO-147-00216,Diana Martínez Vargas,DEMO-CC-93881831,3577745412,Víctima directa,SI,SI
REP-00217,NEXO-147-00217,Mateo Herrera Vargas,DEMO-CC-60583418,3331259329,Denunciante,NO,SI
REP-00218,NEXO-147-00218,Valentina Martínez Castro,DEMO-CC-30769896,3267475026,Familiar,NO,SI
REP-00219,NEXO-147-00219,Carolina Cárdenas Vargas,DEMO-CC-81337576,3553145258,Denunciante,SI,SI
REP-00220,NEXO-147-00220,Camila Ortega Acosta,DEMO-CC-63671223,3394134904,Tercero informado,NO,SI
REP-00221,NEXO-147-00221,Carolina Pardo Rojas,DEMO-CC-48084189,3362774415,Tercero informado,NO,SI
REP-00222,NEXO-147-00222,Laura López Mejía,DEMO-CC-91777303,3924288326,Denunciante,SI,SI
REP-00223,NEXO-147-00223,Carlos Torres Pardo,DEMO-CC-34231488,3224999336,Denunciante,NO,SI
REP-00224,NEXO-147-00224,Diana Ortega Mejía,DEMO-CC-37624006,3735372417,Familiar,NO,SI
REP-00225,NEXO-147-00225,Laura Castro Cárdenas,DEMO-CC-40852054,3481953646,Familiar,SI,SI
REP-00226,NEXO-147-00226,Valentina Gómez Gómez,DEMO-CC-55504013,3146820674,Víctima directa,NO,SI
REP-00227,NEXO-147-00227,Luisa Torres Castro,DEMO-CC-18746926,3528321818,Víctima directa,SI,SI
REP-00228,NEXO-147-00228,Natalia Ortega Molina,DEMO-CC-54097908,3247759387,Denunciante,NO,SI
REP-00229,NEXO-147-00229,Sebastián Acosta Rojas,DEMO-CC-94117144,3599363805,Víctima directa,SI,SI
REP-00230,NEXO-147-00230,Natalia Mejía Molina,DEMO-CC-43145891,3054796920,Víctima directa,SI,SI
REP-00231,NEXO-147-00231,Juan Suárez Gómez,DEMO-CC-74727887,3042018333,Víctima directa,NO,SI
REP-00232,NEXO-147-00232,Laura Suárez Molina,DEMO-CC-13286973,3887246764,Familiar,NO,SI
REP-00233,NEXO-147-00233,Camila Herrera Ramírez,DEMO-CC-41577058,3277726414,Tercero informado,SI,SI
REP-00234,NEXO-147-00234,Andrés Moreno Acosta,DEMO-CC-22924955,3087355139,Denunciante,SI,SI
REP-00235,NEXO-147-00235,Luisa Rojas Salazar,DEMO-CC-30555824,3019939267,Familiar,NO,SI
REP-00236,NEXO-147-00236,Miguel Vargas Rojas,DEMO-CC-33299635,3087565210,Víctima directa,NO,SI
REP-00237,NEXO-147-00237,Diana Suárez Vargas,DEMO-CC-12966449,3082705765,Tercero informado,SI,SI
REP-00238,NEXO-147-00238,Diana Cárdenas Salazar,DEMO-CC-80280637,3855433077,Familiar,NO,SI
REP-00239,NEXO-147-00239,Diana Molina Rojas,DEMO-CC-66616121,3397530532,Familiar,NO,SI
REP-00240,NEXO-147-00240,Laura Molina Suárez,DEMO-CC-58213271,3931065717,Tercero informado,NO,SI
REP-00241,NEXO-147-00241,Juan Martínez Molina,DEMO-CC-92804450,3271937459,Víctima directa,NO,SI
REP-00242,NEXO-147-00242,Carolina Molina Gómez,DEMO-CC-69136743,3982766292,Denunciante,SI,SI
REP-00243,NEXO-147-00243,Carlos Molina Molina,DEMO-CC-43803871,3093805335,Denunciante,NO,SI
REP-00244,NEXO-147-00244,Andrea Gómez Acosta,DEMO-CC-75390810,3176731407,Denunciante,NO,SI
REP-00245,NEXO-147-00245,Carlos Peña Moreno,DEMO-CC-20342206,3422216961,Familiar,SI,SI
REP-00246,NEXO-147-00246,Mariana Herrera Gómez,DEMO-CC-72716069,3419060911,Tercero informado,NO,SI
REP-00247,NEXO-147-00247,Camila Acosta Molina,DEMO-CC-82715672,3627236623,Denunciante,NO,SI
REP-00248,NEXO-147-00248,Juan Martínez Acosta,DEMO-CC-91932695,3223235800,Familiar,NO,SI
REP-00249,NEXO-147-00249,Juan Peña Suárez,DEMO-CC-76677587,3692807758,Tercero informado,NO,SI
REP-00250,NEXO-147-00250,Miguel Rojas Acosta,DEMO-CC-15174343,3595750915,Familiar,NO,SI
REP-00251,NEXO-147-00251,Felipe Moreno Molina,DEMO-CC-32333336,3661218895,Denunciante,SI,SI
REP-00252,NEXO-147-00252,Felipe Castro Moreno,DEMO-CC-69008036,3554921000,Denunciante,NO,SI
REP-00253,NEXO-147-00253,Daniel Martínez Martínez,DEMO-CC-32426039,3687401828,Familiar,SI,SI
REP-00254,NEXO-147-00254,Andrés Mejía Ortega,DEMO-CC-49403487,3719001735,Denunciante,SI,SI
REP-00255,NEXO-147-00255,Camila Salazar Herrera,DEMO-CC-60644009,3185934241,Denunciante,NO,SI
REP-00256,NEXO-147-00256,Carolina Rojas Suárez,DEMO-CC-29372228,3325826011,Víctima directa,NO,SI
REP-00257,NEXO-147-00257,Carlos López Pardo,DEMO-CC-87689486,3359888913,Familiar,NO,SI
REP-00258,NEXO-147-00258,Daniel Martínez Martínez,DEMO-CC-64894776,3556293024,Víctima directa,NO,SI
REP-00259,NEXO-147-00259,Santiago Martínez Salazar,DEMO-CC-55856486,3256559270,Familiar,SI,SI
REP-00260,NEXO-147-00260,Andrés Ramírez Acosta,DEMO-CC-40171963,3619774538,Familiar,SI,SI
REP-00261,NEXO-147-00261,Mariana Vargas Ramírez,DEMO-CC-65025028,3697309813,Familiar,SI,SI
REP-00262,NEXO-147-00262,Carlos Molina Acosta,DEMO-CC-24747466,3865367940,Denunciante,SI,SI
REP-00263,NEXO-147-00263,Valentina Acosta Salazar,DEMO-CC-26490379,3461879052,Víctima directa,SI,SI
REP-00264,NEXO-147-00264,Daniel Martínez Moreno,DEMO-CC-55225906,3145060467,Denunciante,NO,SI
REP-00265,NEXO-147-00265,Andrea Martínez Ramírez,DEMO-CC-99461923,3348586286,Tercero informado,SI,SI
REP-00266,NEXO-147-00266,Juan Pardo Cárdenas,DEMO-CC-14168027,3433439174,Familiar,NO,SI
REP-00267,NEXO-147-00267,Santiago López Molina,DEMO-CC-69517806,3279928024,Víctima directa,NO,SI
REP-00268,NEXO-147-00268,Laura Rodríguez Rojas,DEMO-CC-82876351,3825243946,Tercero informado,NO,SI
REP-00269,NEXO-147-00269,Valentina Suárez Mejía,DEMO-CC-61014656,3676907001,Familiar,NO,SI
REP-00270,NEXO-147-00270,Natalia Mejía Cárdenas,DEMO-CC-10066312,3149631955,Familiar,SI,SI
REP-00271,NEXO-147-00271,Andrea Acosta Acosta,DEMO-CC-30300380,3753041939,Familiar,NO,SI
REP-00272,NEXO-147-00272,Andrea Peña Gómez,DEMO-CC-73869862,3652351398,Tercero informado,NO,SI
REP-00273,NEXO-147-00273,Sebastián Peña Martínez,DEMO-CC-33680466,3639638433,Denunciante,NO,SI
REP-00274,NEXO-147-00274,Diana Torres Mejía,DEMO-CC-29878306,3442897118,Tercero informado,NO,SI
REP-00275,NEXO-147-00275,Diana Vargas López,DEMO-CC-73841821,3588220740,Tercero informado,SI,SI
REP-00276,NEXO-147-00276,Valentina Ortega López,DEMO-CC-46394655,3962894120,Familiar,NO,SI
REP-00277,NEXO-147-00277,Miguel Moreno Ramírez,DEMO-CC-44081057,3744545766,Familiar,SI,SI
REP-00278,NEXO-147-00278,Santiago Pardo Pardo,DEMO-CC-92693938,3933682067,Tercero informado,NO,SI
REP-00279,NEXO-147-00279,Paula Peña Castro,DEMO-CC-24227341,3958315515,Familiar,NO,SI
REP-00280,NEXO-147-00280,Laura Acosta López,DEMO-CC-55538217,3157689842,Tercero informado,NO,SI
REP-00281,NEXO-147-00281,Valentina Molina Rodríguez,DEMO-CC-96421980,3408079498,Denunciante,NO,SI
REP-00282,NEXO-147-00282,Andrea Gómez Torres,DEMO-CC-95828018,3669427528,Tercero informado,SI,SI
REP-00283,NEXO-147-00283,Miguel Martínez Rojas,DEMO-CC-43245564,3279412719,Familiar,NO,SI
REP-00284,NEXO-147-00284,Andrea López Rojas,DEMO-CC-15572236,3266180710,Familiar,SI,SI
REP-00285,NEXO-147-00285,Daniel Peña Moreno,DEMO-CC-62339672,3405286564,Denunciante,SI,SI
REP-00286,NEXO-147-00286,Sebastián Rojas Rodríguez,DEMO-CC-35600895,3653631673,Víctima directa,NO,SI
REP-00287,NEXO-147-00287,Andrea Suárez Martínez,DEMO-CC-95409726,3998825832,Víctima directa,NO,SI
REP-00288,NEXO-147-00288,Mateo Martínez Rodríguez,DEMO-CC-73135919,3987533814,Víctima directa,SI,SI
REP-00289,NEXO-147-00289,Juan Martínez López,DEMO-CC-92228481,3707528492,Denunciante,NO,SI
REP-00290,NEXO-147-00290,Miguel Rodríguez Moreno,DEMO-CC-37414480,3427258174,Tercero informado,SI,SI
REP-00291,NEXO-147-00291,Natalia Ramírez Molina,DEMO-CC-49780333,3321700973,Víctima directa,SI,SI
REP-00292,NEXO-147-00292,Diana Cárdenas Molina,DEMO-CC-65181851,3444021258,Familiar,NO,SI
REP-00293,NEXO-147-00293,Julián Ortega Rodríguez,DEMO-CC-14130940,3393816580,Tercero informado,NO,SI
REP-00294,NEXO-147-00294,Mateo Mejía Peña,DEMO-CC-62846232,3891692230,Denunciante,SI,SI
REP-00295,NEXO-147-00295,Felipe Martínez Vargas,DEMO-CC-34827435,3643296521,Tercero informado,SI,SI
REP-00296,NEXO-147-00296,Andrea Martínez Salazar,DEMO-CC-64165511,3404769368,Víctima directa,NO,SI
REP-00297,NEXO-147-00297,Diana Castro Martínez,DEMO-CC-85170497,3055350886,Tercero informado,SI,SI
REP-00298,NEXO-147-00298,Mariana Cárdenas Peña,DEMO-CC-89221921,3739160757,Familiar,SI,SI
REP-00299,NEXO-147-00299,Miguel Gómez López,DEMO-CC-23008680,3104799721,Denunciante,NO,SI
REP-00300,NEXO-147-00300,Valentina Martínez Moreno,DEMO-CC-70524150,3356250116,Familiar,SI,SI
REP-00301,NEXO-147-00301,Paula Pardo Mejía,DEMO-CC-93480814,3237348631,Tercero informado,SI,SI
REP-00302,NEXO-147-00302,Valentina Herrera Vargas,DEMO-CC-72572113,3929163048,Familiar,SI,SI
REP-00303,NEXO-147-00303,Diana Cárdenas Pardo,DEMO-CC-69726968,3388478056,Tercero informado,NO,SI
REP-00304,NEXO-147-00304,Natalia Ortega Cárdenas,DEMO-CC-52043601,3305220740,Víctima directa,SI,SI
REP-00305,NEXO-147-00305,Luisa Ramírez Suárez,DEMO-CC-90910067,3078853545,Víctima directa,NO,SI
REP-00306,NEXO-147-00306,Carolina Molina Torres,DEMO-CC-71288147,3633683147,Víctima directa,SI,SI
REP-00307,NEXO-147-00307,Diana López Salazar,DEMO-CC-53590056,3654464209,Tercero informado,SI,SI
REP-00308,NEXO-147-00308,Carolina Peña Mejía,DEMO-CC-78231749,3956804516,Víctima directa,NO,SI
REP-00309,NEXO-147-00309,Julián Vargas Herrera,DEMO-CC-70564266,3198627724,Familiar,SI,SI
REP-00310,NEXO-147-00310,Mateo Herrera Rojas,DEMO-CC-68283708,3334233345,Denunciante,SI,SI
REP-00311,NEXO-147-00311,Diana Herrera Pardo,DEMO-CC-43884795,3255984715,Tercero informado,NO,SI
REP-00312,NEXO-147-00312,Luisa Ramírez Rojas,DEMO-CC-71068482,3164307693,Familiar,SI,SI
REP-00313,NEXO-147-00313,Andrea Gómez Herrera,DEMO-CC-72818201,3223213522,Tercero informado,SI,SI
REP-00314,NEXO-147-00314,Luisa Salazar Gómez,DEMO-CC-41061902,3388708528,Familiar,SI,SI
REP-00315,NEXO-147-00315,Valentina López Torres,DEMO-CC-30899105,3329753303,Tercero informado,NO,SI
REP-00316,NEXO-147-00316,Luisa Cárdenas Castro,DEMO-CC-47077963,3268005552,Denunciante,NO,SI
REP-00317,NEXO-147-00317,Daniel Herrera Pardo,DEMO-CC-86622641,3587394325,Víctima directa,NO,SI
REP-00318,NEXO-147-00318,Camila Ortega Moreno,DEMO-CC-31317249,3419606942,Familiar,NO,SI
REP-00319,NEXO-147-00319,Andrea Pardo Ramírez,DEMO-CC-26867727,3376812019,Denunciante,SI,SI
REP-00320,NEXO-147-00320,Paula Herrera Martínez,DEMO-CC-90916692,3463350892,Familiar,SI,SI
REP-00321,NEXO-147-00321,Valentina Herrera Ramírez,DEMO-CC-26339302,3278878029,Tercero informado,NO,SI
REP-00322,NEXO-147-00322,Felipe Rodríguez Cárdenas,DEMO-CC-77040128,3995040824,Víctima directa,SI,SI
REP-00323,NEXO-147-00323,Santiago Acosta Moreno,DEMO-CC-50332269,3699665801,Víctima directa,SI,SI
REP-00324,NEXO-147-00324,Felipe Salazar Peña,DEMO-CC-64644316,3932159695,Familiar,SI,SI
REP-00325,NEXO-147-00325,Mateo Ortega Acosta,DEMO-CC-62817759,3004885421,Tercero informado,NO,SI
REP-00326,NEXO-147-00326,Andrés Cárdenas Martínez,DEMO-CC-97384906,3847097818,Víctima directa,SI,SI
REP-00327,NEXO-147-00327,Mariana Salazar Pardo,DEMO-CC-94933505,3836693070,Víctima directa,NO,SI
REP-00328,NEXO-147-00328,Mateo Molina Ramírez,DEMO-CC-74363288,3563238514,Denunciante,NO,SI
REP-00329,NEXO-147-00329,Mateo Rodríguez Suárez,DEMO-CC-19461842,3761195523,Denunciante,NO,SI
REP-00330,NEXO-147-00330,Julián Martínez Herrera,DEMO-CC-28678892,3465052800,Familiar,NO,SI
REP-00331,NEXO-147-00331,Diana Cárdenas Peña,DEMO-CC-96499260,3628252414,Tercero informado,NO,SI
REP-00332,NEXO-147-00332,Luisa Herrera Herrera,DEMO-CC-32200357,3633327337,Denunciante,SI,SI
REP-00333,NEXO-147-00333,Paula Peña Acosta,DEMO-CC-39167007,3253097477,Denunciante,SI,SI
REP-00334,NEXO-147-00334,Julián Castro Acosta,DEMO-CC-55161573,3518402026,Denunciante,NO,SI
REP-00335,NEXO-147-00335,Juan Salazar Gómez,DEMO-CC-43025956,3492045527,Víctima directa,SI,SI
REP-00336,NEXO-147-00336,Julián Acosta Herrera,DEMO-CC-99667549,3399659989,Denunciante,NO,SI
REP-00337,NEXO-147-00337,Camila Ramírez Herrera,DEMO-CC-16295886,3456759284,Tercero informado,NO,SI
REP-00338,NEXO-147-00338,Valentina López Peña,DEMO-CC-28630132,3891273048,Víctima directa,SI,SI
REP-00339,NEXO-147-00339,Daniel Martínez Salazar,DEMO-CC-58199988,3101346073,Familiar,NO,SI
REP-00340,NEXO-147-00340,Valentina Herrera Acosta,DEMO-CC-42146240,3143942821,Tercero informado,SI,SI
REP-00341,NEXO-147-00341,Santiago Castro Molina,DEMO-CC-90989005,3257113488,Tercero informado,NO,SI
REP-00342,NEXO-147-00342,Andrés Ortega Pardo,DEMO-CC-36620539,3805560339,Denunciante,NO,SI
REP-00343,NEXO-147-00343,Mariana Moreno Rojas,DEMO-CC-29960341,3299953404,Denunciante,NO,SI
REP-00344,NEXO-147-00344,Mateo Suárez Molina,DEMO-CC-40725248,3886453127,Denunciante,SI,SI
REP-00345,NEXO-147-00345,Santiago Molina Vargas,DEMO-CC-43717292,3909901458,Víctima directa,NO,SI
REP-00346,NEXO-147-00346,Paula Salazar Salazar,DEMO-CC-83767989,3307537706,Denunciante,SI,SI
REP-00347,NEXO-147-00347,Juan Martínez Rodríguez,DEMO-CC-70938354,3942590200,Familiar,SI,SI
REP-00348,NEXO-147-00348,Carlos Castro Ortega,DEMO-CC-68043206,3724966615,Familiar,NO,SI
REP-00349,NEXO-147-00349,Laura Castro Ramírez,DEMO-CC-93348241,3829324634,Tercero informado,SI,SI
REP-00350,NEXO-147-00350,Juan Mejía Ramírez,DEMO-CC-65553095,3236289330,Tercero informado,NO,SI
REP-00351,NEXO-147-00351,Carlos Moreno Acosta,DEMO-CC-77069316,3492610692,Familiar,NO,SI
REP-00352,NEXO-147-00352,Daniel Ramírez Ortega,DEMO-CC-65940592,3261470667,Tercero informado,SI,SI
REP-00353,NEXO-147-00353,Natalia Acosta Rodríguez,DEMO-CC-73372339,3971482920,Denunciante,SI,SI
REP-00354,NEXO-147-00354,Miguel Rojas Moreno,DEMO-CC-26818463,3344113970,Tercero informado,NO,SI
REP-00355,NEXO-147-00355,Valentina Gómez Salazar,DEMO-CC-89636172,3647477497,Familiar,NO,SI
REP-00356,NEXO-147-00356,Mateo Suárez Moreno,DEMO-CC-66926596,3293155933,Tercero informado,NO,SI
REP-00357,NEXO-147-00357,Natalia Vargas Mejía,DEMO-CC-47411821,3853599724,Denunciante,NO,SI
REP-00358,NEXO-147-00358,Felipe López Ortega,DEMO-CC-66740902,3265467647,Denunciante,NO,SI
REP-00359,NEXO-147-00359,Felipe Castro Herrera,DEMO-CC-84268708,3862988161,Tercero informado,SI,SI
REP-00360,NEXO-147-00360,Mariana Suárez Martínez,DEMO-CC-26875799,3908470277,Tercero informado,NO,SI
REP-00361,NEXO-147-00361,Camila Gómez Vargas,DEMO-CC-59910015,3136316961,Familiar,SI,SI
REP-00362,NEXO-147-00362,Mateo Castro Castro,DEMO-CC-99952156,3766243860,Víctima directa,NO,SI
REP-00363,NEXO-147-00363,Laura Molina Molina,DEMO-CC-82108069,3185133718,Tercero informado,SI,SI
REP-00364,NEXO-147-00364,Carlos Peña Cárdenas,DEMO-CC-15818114,3487166072,Tercero informado,NO,SI
REP-00365,NEXO-147-00365,Paula Moreno Cárdenas,DEMO-CC-38077966,3071571188,Víctima directa,NO,SI
REP-00366,NEXO-147-00366,Camila Molina Rodríguez,DEMO-CC-77571168,3698423002,Familiar,SI,SI
REP-00367,NEXO-147-00367,Andrés Rojas Rojas,DEMO-CC-57521272,3408655326,Víctima directa,SI,SI
REP-00368,NEXO-147-00368,Julián Rojas Suárez,DEMO-CC-83022107,3326882925,Denunciante,NO,SI
REP-00369,NEXO-147-00369,Juan Ramírez Peña,DEMO-CC-31628548,3894414547,Tercero informado,SI,SI
REP-00370,NEXO-147-00370,Miguel Molina Suárez,DEMO-CC-61443873,3228150019,Familiar,NO,SI
REP-00371,NEXO-147-00371,Andrea Acosta Castro,DEMO-CC-28336994,3297117734,Víctima directa,SI,SI
REP-00372,NEXO-147-00372,Miguel Salazar Suárez,DEMO-CC-98921854,3849305177,Víctima directa,SI,SI
REP-00373,NEXO-147-00373,Felipe Castro Peña,DEMO-CC-48298583,3257871594,Víctima directa,NO,SI
REP-00374,NEXO-147-00374,Paula Ramírez Vargas,DEMO-CC-38705549,3901942327,Denunciante,SI,SI
REP-00375,NEXO-147-00375,Andrea Mejía Cárdenas,DEMO-CC-61028136,3575291919,Tercero informado,SI,SI
REP-00376,NEXO-147-00376,Luisa Moreno Pardo,DEMO-CC-26444198,3892167373,Familiar,NO,SI
REP-00377,NEXO-147-00377,Sebastián López Martínez,DEMO-CC-94416790,3358679669,Familiar,NO,SI
REP-00378,NEXO-147-00378,Andrea Molina Martínez,DEMO-CC-34404008,3312699894,Víctima directa,SI,SI
REP-00379,NEXO-147-00379,Santiago Gómez Mejía,DEMO-CC-69528311,3219227423,Víctima directa,SI,SI
REP-00380,NEXO-147-00380,Mateo Molina Cárdenas,DEMO-CC-70520762,3394896076,Denunciante,NO,SI
REP-00381,NEXO-147-00381,Laura Gómez Gómez,DEMO-CC-90996132,3704298698,Víctima directa,SI,SI
REP-00382,NEXO-147-00382,Mariana Peña Mejía,DEMO-CC-84151604,3366039829,Denunciante,SI,SI
REP-00383,NEXO-147-00383,Paula Vargas Torres,DEMO-CC-78218771,3818757579,Denunciante,NO,SI
REP-00384,NEXO-147-00384,Diana Mejía Peña,DEMO-CC-64876531,3805309312,Denunciante,NO,SI
REP-00385,NEXO-147-00385,Laura Molina Vargas,DEMO-CC-52855744,3098688363,Denunciante,NO,SI
REP-00386,NEXO-147-00386,Luisa Molina Gómez,DEMO-CC-32493240,3703481772,Víctima directa,SI,SI
REP-00387,NEXO-147-00387,Sebastián Herrera Rodríguez,DEMO-CC-22918524,3519320970,Víctima directa,NO,SI
REP-00388,NEXO-147-00388,Santiago Acosta Ramírez,DEMO-CC-21056024,3928610977,Víctima directa,SI,SI
REP-00389,NEXO-147-00389,Daniel Vargas Mejía,DEMO-CC-85155859,3565300882,Familiar,NO,SI
REP-00390,NEXO-147-00390,Santiago Ortega Gómez,DEMO-CC-92272525,3355428774,Denunciante,NO,SI
REP-00391,NEXO-147-00391,Diana Rojas Ortega,DEMO-CC-35130245,3775728466,Denunciante,SI,SI
REP-00392,NEXO-147-00392,Juan Suárez Cárdenas,DEMO-CC-44052567,3724000932,Denunciante,SI,SI
REP-00393,NEXO-147-00393,Juan Rodríguez López,DEMO-CC-16845752,3986497715,Víctima directa,NO,SI
REP-00394,NEXO-147-00394,Laura Ramírez Torres,DEMO-CC-90433544,3135511337,Denunciante,NO,SI
REP-00395,NEXO-147-00395,Laura Acosta Molina,DEMO-CC-71918368,3857518170,Tercero informado,NO,SI
REP-00396,NEXO-147-00396,Felipe Gómez Mejía,DEMO-CC-87205501,3786130533,Tercero informado,NO,SI
REP-00397,NEXO-147-00397,Daniel Castro Gómez,DEMO-CC-99768013,3861357525,Denunciante,SI,SI
REP-00398,NEXO-147-00398,Luisa Ramírez Peña,DEMO-CC-80833012,3411720345,Víctima directa,SI,SI
REP-00399,NEXO-147-00399,Luisa Suárez Cárdenas,DEMO-CC-67911586,3412469186,Víctima directa,NO,SI
REP-00400,NEXO-147-00400,Paula Suárez Moreno,DEMO-CC-35324499,3364704406,Víctima directa,NO,SI
REP-00401,NEXO-147-00401,Carolina Rodríguez Herrera,DEMO-CC-75361238,3964706337,Denunciante,SI,SI
REP-00402,NEXO-147-00402,Andrés Herrera Salazar,DEMO-CC-30902682,3387776389,Víctima directa,NO,SI
REP-00403,NEXO-147-00403,Natalia Ramírez Molina,DEMO-CC-63880133,3795773280,Denunciante,SI,SI
REP-00404,NEXO-147-00404,Sebastián Moreno Herrera,DEMO-CC-92242779,3121336039,Tercero informado,NO,SI
REP-00405,NEXO-147-00405,Miguel Mejía Peña,DEMO-CC-19999284,3306841947,Víctima directa,NO,SI
REP-00406,NEXO-147-00406,Camila Salazar Torres,DEMO-CC-75149767,3593387752,Familiar,SI,SI
REP-00407,NEXO-147-00407,Laura Ramírez Rojas,DEMO-CC-58279856,3271295574,Tercero informado,NO,SI
REP-00408,NEXO-147-00408,Paula Castro Salazar,DEMO-CC-69681534,3565642884,Denunciante,NO,SI
REP-00409,NEXO-147-00409,Laura Mejía López,DEMO-CC-29341486,3131120792,Víctima directa,SI,SI
REP-00410,NEXO-147-00410,Diana Moreno Peña,DEMO-CC-77123098,3437759928,Tercero informado,NO,SI
REP-00411,NEXO-147-00411,Julián Peña Mejía,DEMO-CC-42105784,3428069727,Denunciante,SI,SI
REP-00412,NEXO-147-00412,Andrés Peña Martínez,DEMO-CC-92547904,3201670663,Denunciante,SI,SI
REP-00413,NEXO-147-00413,Carolina Moreno Moreno,DEMO-CC-58502239,3827628444,Familiar,SI,SI
REP-00414,NEXO-147-00414,Camila Rojas Gómez,DEMO-CC-47025227,3141564362,Familiar,NO,SI
REP-00415,NEXO-147-00415,Mariana Suárez Moreno,DEMO-CC-84660800,3711982979,Tercero informado,SI,SI
REP-00416,NEXO-147-00416,Mateo López Suárez,DEMO-CC-16943831,3355736636,Familiar,NO,SI
REP-00417,NEXO-147-00417,Julián Martínez Peña,DEMO-CC-52428795,3555198899,Familiar,NO,SI
REP-00418,NEXO-147-00418,Valentina Peña Peña,DEMO-CC-54644085,3472105449,Denunciante,NO,SI
REP-00419,NEXO-147-00419,Santiago Pardo Salazar,DEMO-CC-73848725,3682424565,Víctima directa,NO,SI
REP-00420,NEXO-147-00420,Felipe Pardo Acosta,DEMO-CC-99664073,3281402046,Denunciante,SI,SI
REP-00421,NEXO-147-00421,Paula Ramírez Pardo,DEMO-CC-10618172,3578974053,Víctima directa,SI,SI
REP-00422,NEXO-147-00422,Andrea Gómez Peña,DEMO-CC-20286946,3902654759,Familiar,NO,SI
REP-00423,NEXO-147-00423,Santiago Ramírez Gómez,DEMO-CC-58790277,3911306183,Familiar,SI,SI
REP-00424,NEXO-147-00424,Daniel Herrera Ortega,DEMO-CC-10281090,3788601304,Familiar,SI,SI
REP-00425,NEXO-147-00425,Carolina Herrera Suárez,DEMO-CC-14218448,3328236445,Tercero informado,SI,SI
REP-00426,NEXO-147-00426,Camila Suárez Acosta,DEMO-CC-16293566,3142334444,Denunciante,NO,SI
REP-00427,NEXO-147-00427,Mateo Cárdenas Pardo,DEMO-CC-14246867,3641919683,Tercero informado,NO,SI
REP-00428,NEXO-147-00428,Valentina Vargas Rojas,DEMO-CC-42268118,3864038938,Denunciante,SI,SI
REP-00429,NEXO-147-00429,Paula Moreno Rodríguez,DEMO-CC-57231123,3903506589,Tercero informado,NO,SI
REP-00430,NEXO-147-00430,Andrés Pardo Rojas,DEMO-CC-30157100,3929653044,Familiar,SI,SI
REP-00431,NEXO-147-00431,Sebastián Mejía Herrera,DEMO-CC-51419143,3157132036,Familiar,NO,SI
REP-00432,NEXO-147-00432,Mariana Cárdenas Torres,DEMO-CC-53837569,3593843458,Víctima directa,SI,SI
REP-00433,NEXO-147-00433,Felipe Castro Salazar,DEMO-CC-35953424,3462985115,Denunciante,NO,SI
REP-00434,NEXO-147-00434,Valentina Castro Torres,DEMO-CC-77480846,3461255214,Víctima directa,NO,SI
REP-00435,NEXO-147-00435,Natalia Molina Martínez,DEMO-CC-79553608,3759156074,Denunciante,NO,SI
REP-00436,NEXO-147-00436,Carlos López Rojas,DEMO-CC-21420912,3342380294,Tercero informado,NO,SI
REP-00437,NEXO-147-00437,Santiago Mejía Moreno,DEMO-CC-54416761,3582904490,Familiar,SI,SI
REP-00438,NEXO-147-00438,Natalia Mejía Suárez,DEMO-CC-77047008,3152431305,Víctima directa,SI,SI
REP-00439,NEXO-147-00439,Valentina Ortega Herrera,DEMO-CC-23929946,3949692281,Familiar,NO,SI
REP-00440,NEXO-147-00440,Natalia Molina López,DEMO-CC-33565741,3381931823,Tercero informado,SI,SI
REP-00441,NEXO-147-00441,Juan Vargas Martínez,DEMO-CC-55833378,3254194584,Víctima directa,NO,SI
REP-00442,NEXO-147-00442,Paula Rojas Molina,DEMO-CC-93994357,3846280394,Familiar,NO,SI
REP-00443,NEXO-147-00443,Mariana Ortega Ortega,DEMO-CC-24533010,3914785793,Familiar,NO,SI
REP-00444,NEXO-147-00444,Valentina Gómez Gómez,DEMO-CC-34070041,3316818984,Víctima directa,NO,SI
REP-00445,NEXO-147-00445,Mateo Gómez Cárdenas,DEMO-CC-43345509,3884701771,Familiar,SI,SI
REP-00446,NEXO-147-00446,Sebastián Mejía Peña,DEMO-CC-69049701,3251747518,Tercero informado,SI,SI
REP-00447,NEXO-147-00447,Sebastián Molina Mejía,DEMO-CC-20369960,3436860725,Familiar,SI,SI
REP-00448,NEXO-147-00448,Mariana Castro Ramírez,DEMO-CC-43647889,3944000145,Familiar,SI,SI
REP-00449,NEXO-147-00449,Diana Vargas Vargas,DEMO-CC-30958960,3538027910,Tercero informado,NO,SI
REP-00450,NEXO-147-00450,Diana Ramírez Mejía,DEMO-CC-78033912,3178212612,Víctima directa,NO,SI
REP-00451,NEXO-147-00451,Valentina Suárez Rodríguez,DEMO-CC-36499132,3191809015,Tercero informado,NO,SI
REP-00452,NEXO-147-00452,Mariana Castro Ortega,DEMO-CC-22177819,3534229275,Víctima directa,SI,SI
REP-00453,NEXO-147-00453,Juan Rodríguez Peña,DEMO-CC-77866153,3161195437,Familiar,NO,SI
REP-00454,NEXO-147-00454,Carolina Castro Gómez,DEMO-CC-75007596,3076858950,Tercero informado,NO,SI
REP-00455,NEXO-147-00455,Mateo Suárez Rodríguez,DEMO-CC-92579488,3812985926,Tercero informado,SI,SI
REP-00456,NEXO-147-00456,Camila Salazar Moreno,DEMO-CC-85255073,3911838392,Tercero informado,NO,SI
REP-00457,NEXO-147-00457,Santiago Suárez Castro,DEMO-CC-42700504,3107055082,Familiar,SI,SI
REP-00458,NEXO-147-00458,Natalia López Rodríguez,DEMO-CC-50743534,3776644669,Denunciante,NO,SI
REP-00459,NEXO-147-00459,Juan López Castro,DEMO-CC-40950707,3041079457,Denunciante,NO,SI
REP-00460,NEXO-147-00460,Paula Gómez Acosta,DEMO-CC-11084463,3748762892,Familiar,SI,SI
REP-00461,NEXO-147-00461,Andrea Castro Martínez,DEMO-CC-18753319,3737362638,Familiar,SI,SI
REP-00462,NEXO-147-00462,Sebastián Castro Cárdenas,DEMO-CC-16984458,3656136377,Víctima directa,SI,SI
REP-00463,NEXO-147-00463,Luisa Martínez Ramírez,DEMO-CC-94614769,3139823018,Víctima directa,NO,SI
REP-00464,NEXO-147-00464,Paula Torres Ortega,DEMO-CC-18223973,3759607828,Denunciante,SI,SI
REP-00465,NEXO-147-00465,Carlos Rodríguez Gómez,DEMO-CC-93058297,3319189166,Denunciante,SI,SI
REP-00466,NEXO-147-00466,Andrea Acosta Peña,DEMO-CC-83316976,3965892998,Tercero informado,SI,SI
REP-00467,NEXO-147-00467,Andrea Ortega Pardo,DEMO-CC-43968754,3855756629,Familiar,SI,SI
REP-00468,NEXO-147-00468,Diana Ramírez Martínez,DEMO-CC-50936121,3185660701,Familiar,NO,SI
REP-00469,NEXO-147-00469,Julián Castro Torres,DEMO-CC-99849416,3886024159,Víctima directa,SI,SI
REP-00470,NEXO-147-00470,Mariana Suárez Pardo,DEMO-CC-83932245,3163697782,Víctima directa,SI,SI
REP-00471,NEXO-147-00471,Mateo Moreno Herrera,DEMO-CC-56513013,3214324000,Tercero informado,SI,SI
REP-00472,NEXO-147-00472,Felipe Rojas Pardo,DEMO-CC-89199337,3502257716,Denunciante,NO,SI
REP-00473,NEXO-147-00473,Carolina Vargas Ramírez,DEMO-CC-45422429,3984082913,Familiar,SI,SI
REP-00474,NEXO-147-00474,Natalia Ramírez Mejía,DEMO-CC-82404905,3926997304,Familiar,SI,SI
REP-00475,NEXO-147-00475,Natalia Cárdenas Vargas,DEMO-CC-29916597,3997047926,Familiar,SI,SI
REP-00476,NEXO-147-00476,Laura Molina Acosta,DEMO-CC-77323727,3392631992,Víctima directa,SI,SI
REP-00477,NEXO-147-00477,Carolina Herrera Pardo,DEMO-CC-51570454,3924187681,Víctima directa,SI,SI
REP-00478,NEXO-147-00478,Luisa Herrera Gómez,DEMO-CC-37790379,3593876199,Tercero informado,NO,SI
REP-00479,NEXO-147-00479,Carlos Rodríguez Salazar,DEMO-CC-51832875,3159474200,Familiar,NO,SI
REP-00480,NEXO-147-00480,Andrea Gómez Herrera,DEMO-CC-69480232,3368548015,Víctima directa,SI,SI
REP-00481,NEXO-147-00481,Andrea Moreno Cárdenas,DEMO-CC-87697438,3215812220,Denunciante,NO,SI
REP-00482,NEXO-147-00482,Julián Salazar López,DEMO-CC-41539946,3276877701,Tercero informado,NO,SI
REP-00483,NEXO-147-00483,Juan Rodríguez Acosta,DEMO-CC-94157706,3729487206,Denunciante,NO,SI
REP-00484,NEXO-147-00484,Natalia López Peña,DEMO-CC-21566544,3734048052,Víctima directa,NO,SI
REP-00485,NEXO-147-00485,Mariana Ortega Peña,DEMO-CC-47631591,3028779125,Víctima directa,SI,SI
REP-00486,NEXO-147-00486,Camila Acosta Martínez,DEMO-CC-26298399,3847650258,Tercero informado,SI,SI
REP-00487,NEXO-147-00487,Andrea Ramírez Molina,DEMO-CC-25204539,3155985149,Denunciante,SI,SI
REP-00488,NEXO-147-00488,Paula Moreno Ramírez,DEMO-CC-72448208,3205996460,Denunciante,NO,SI
REP-00489,NEXO-147-00489,Camila Acosta Gómez,DEMO-CC-89661360,3791946015,Denunciante,SI,SI
REP-00490,NEXO-147-00490,Julián Gómez Peña,DEMO-CC-89436026,3105440092,Tercero informado,SI,SI
REP-00491,NEXO-147-00491,Daniel Rodríguez Martínez,DEMO-CC-56000164,3531739043,Víctima directa,NO,SI
REP-00492,NEXO-147-00492,Carlos Torres Pardo,DEMO-CC-29827080,3331713223,Víctima directa,NO,SI
REP-00493,NEXO-147-00493,Carolina Acosta Molina,DEMO-CC-18647850,3885912139,Familiar,NO,SI
REP-00494,NEXO-147-00494,Carlos Moreno Suárez,DEMO-CC-62764932,3775470280,Tercero informado,SI,SI
REP-00495,NEXO-147-00495,Mateo Rojas Rodríguez,DEMO-CC-52106541,3879739989,Víctima directa,SI,SI
REP-00496,NEXO-147-00496,Camila Suárez Acosta,DEMO-CC-14235685,3959009245,Denunciante,SI,SI
REP-00497,NEXO-147-00497,Camila Suárez Peña,DEMO-CC-96577076,3563547261,Familiar,SI,SI
REP-00498,NEXO-147-00498,Mateo Vargas Rojas,DEMO-CC-82133290,3079722958,Tercero informado,NO,SI
REP-00499,NEXO-147-00499,Carlos Mejía Gómez,DEMO-CC-99858139,3369965003,Familiar,SI,SI
REP-00500,NEXO-147-00500,Laura Martínez Gómez,DEMO-CC-59292896,3837034832,Familiar,SI,SI
